200.752 177.14 94.2187 215.29 163.666 105.33 170.59 318.333 164.478 329.7 256.032 87.474 200.606 244.428 151.716 226.717 202.568 305.774 81.4609 125.544 289.777 329.605 273.173 286.277 
191.542 177.723 95.1441 218.886 160.292 107.324 169.725 318.863 161.529 329.849 255.034 90.0363 202.941 241.729 149.711 224.576 200.76 304.972 79.5875 121.508 290.799 328.831 275.643 284.6 
182.13 176.881 96.826 217.052 157.496 107.683 171.436 320.039 162.586 333.86 256.124 90.4789 203.764 239.398 150.183 221.77 203.045 302.807 79.9692 123.03 295.452 327.273 277.279 284.716 
176.591 177.627 96.5452 216.89 152.747 108.565 170.248 319.578 161.762 336.514 254.041 91.543 205.116 238.818 149.648 221.799 204.229 301.828 79.9843 118.664 301.381 327.194 277.609 279.889 
169.712 180.61 101.736 215.881 153.204 108.898 171.04 319.476 163.541 335.828 253.609 94.0396 208.2 238.056 150.165 218.68 204.351 301.634 81.1299 117.566 302.707 327.934 281.818 276.218 
161.282 181.096 103.171 216.066 153.484 111.166 171.059 317.632 162.084 337.022 256.093 94.3515 210.894 236.012 152.606 216.275 204.083 298.423 79.9584 117.267 304.545 327.309 286.705 272.761 
152.885 181.476 102.329 213.116 152.361 109.466 170.455 315.177 162.589 336.167 254.842 95.8618 211.953 236.637 149.976 212.312 205.322 297.926 80.0287 116.365 308.781 325.257 289.472 269.666 
145.817 183.373 108.062 214.022 151.922 111.514 169.825 316.435 161.059 334.361 257.058 98.1807 215.089 237.207 152.57 212.429 207.447 296.952 80.1113 115.27 312.839 325.038 291.763 267.154 
139.379 181.549 110.331 214.587 151.688 112.216 168.147 317.258 162.331 335.123 256.651 98.91 217.525 235.298 152.299 211.452 207.024 294.585 81.6151 113.691 316.402 324.903 292.716 265.213 
131.664 181.55 109.828 215.446 154.711 112.772 166.323 315.24 161.921 334.15 255.757 100.954 217.402 235.576 153.023 211.58 205.329 292.158 82.4592 115.808 319.318 323.143 289.614 262.301 
125.2 180.581 107.822 216.456 154.18 113.86 165.177 315.424 162.302 331.65 258.947 101.392 216.658 235.098 153.185 207.793 206.686 288.882 81.0665 114.913 323.833 323.565 289.861 261.817 
118.879 179.198 109.741 214.757 152.828 114.653 165.351 315.167 160.773 331.731 260.969 102.383 215.57 232.431 151.751 208.918 207.353 289.723 81.6635 110.472 319.575 324.258 288.768 262.886 
111.721 178.127 113.47 213.064 153.581 115.613 163.35 313.278 159.032 332.653 263.243 101.91 216.173 232.786 152.965 208.772 209.63 290.745 83.3334 107.712 320.585 324.793 289.038 264.182 
102.724 176.854 115.002 213.676 155.226 114.505 163.102 313.311 158.262 331.909 262.181 102.728 216.714 233.82 153.09 210.374 210.456 287.135 84.8993 108.007 319.901 324.07 290.903 265.931 
95.5098 175.715 115.595 212.646 155.208 115.344 162.816 315.022 157.766 331.411 265.572 102.191 217.396 233.578 151.236 211.656 210.126 288.374 86.1276 107.245 317.988 325.734 291.281 266.994 
85.5245 174.565 115.355 213.182 154.383 116.584 162.375 315.205 154.918 330.057 266.874 102.49 217.458 234.349 151.851 213.49 212.051 289.644 83.7465 107.243 316.674 325.332 292.522 268.039 
76.9581 174.541 119.5 212.198 153.587 119.993 161.337 316.666 154.621 329.52 269.532 102.443 216.824 234.12 152.566 213.254 214.043 287.747 82.3395 105.176 316.936 324.588 290.986 270.067 
71.2857 172.619 119.478 211.493 154.297 119.403 160.001 315.383 157.168 327.616 267.903 103.626 216.16 232.417 151.323 211.541 212.452 285.855 83.9303 103.234 317.452 324.507 290.704 270.433 
64.8704 171.426 123.478 211.403 154.764 117.55 160.811 314.888 157.517 326.065 265.014 107.101 216.508 231.541 149.898 211.232 212.22 286.699 83.1454 100.693 316.763 322.621 290.501 270.068 
55.5239 171.571 127.435 211.654 153.007 118.459 159.282 315.979 157.775 325.592 263.433 109.502 218.07 231.44 150.814 213.348 211.263 289.652 83.0046 99.8184 315.621 323.512 289.71 270.729 
46.827 171.152 128.094 210.941 153.018 117.312 158.336 318.861 158.98 324.069 262.421 108.844 216.668 228.329 149.762 212.916 212.544 291.651 80.9055 96.2668 314.99 323.891 289.577 270.199 
41.2905 171.032 132.706 210.088 152.77 115.452 156.357 320.748 160.344 324.246 264.593 110.81 217.051 229.398 151.376 213.852 212.695 291.577 83.0283 96.8174 314.172 324.769 291.256 270.923 
35.7377 171.668 133.382 209.6 154.244 117.058 154.713 321.256 160.454 322.235 265.35 112.584 218.212 228.756 151.371 215.698 214.591 291.649 81.371 96.4309 313.437 325.415 291.984 271.785 
27.4863 170.874 134.601 210.892 155.373 115.546 154.705 321.275 161.813 321.932 264.639 112.853 217.201 225.92 150.285 215.147 214.067 293.348 81.0483 93.0594 313.55 324.476 290.61 271.276 
22.4464 169.818 134.158 209.511 155.102 113.445 153.507 323.643 163.116 320.147 264.927 113.347 216.917 224.715 152.185 216.675 214.486 293.88 78.8006 93.2876 311.755 325.024 291.949 270.825 
15.25 168.811 131.683 209.966 156.939 111.132 152.546 323.557 163.984 320.767 263.914 112.981 214.992 223.674 150.535 215.859 214.04 294.065 78.6316 93.4156 313.332 324.629 291.14 269.46 
9.59121 168.981 129.78 210.186 155.248 110.875 152.555 326.646 165.147 321.404 264.643 112.542 214.521 223.177 152.172 217.29 216.291 295.847 77.1244 89.4279 314.311 325.794 291.411 270.564 
1.81688 168.127 130.161 210.142 156.619 111.513 150.917 329.594 165.55 321.454 263.233 115.217 213.114 222.724 152.664 216.327 214.378 298.663 77.7844 86.064 313.213 324.999 291.159 271.824 
-3.53899 166.628 129.161 210.341 156.142 109.833 150.386 332.473 165.589 320.899 262.464 117.025 213.732 222.889 152.429 217.753 213.602 297.849 79.995 85.6036 315.213 323.488 291.697 272.951 
-11.4313 165.813 127.228 210.928 155.397 108.157 148.677 333.282 165.17 319.633 262.049 119.638 213.028 218.961 151.978 217.617 211.995 297.634 77.0921 87.8162 314.514 322.206 290.065 273.909 
-17.2706 165.177 127.592 209.548 156.472 108.017 149.711 335.303 165.513 320.104 259.172 122.304 212.863 215.938 152.033 216.911 211.55 298.759 78.4726 88.8222 314.395 323.073 289.933 274.957 
-22.9483 163.846 126.162 208.201 157.33 110.223 149.263 334.021 166.233 319.206 260.187 120.562 212.223 214.296 154.428 217.855 210.386 300.257 77.5167 89.8003 313.217 322.899 287.803 274.141 
-31.0698 162.282 127.179 209.603 157.032 109.493 148.745 334.005 166.315 320.238 259.453 119.861 211.444 218.991 155.569 216.897 210.658 301.848 77.0218 89.077 313.743 321.884 288.402 272.588 
-36.2548 163.899 126.46 210.367 157.077 110.731 148.389 334.525 166.975 320.864 258.126 118.426 211.945 220.169 154.249 217.202 210.188 301.369 76.9191 89.6482 315.154 320.638 289.13 273.853 
-46.2354 164.224 128.51 210.54 158.731 110.795 148.83 337.512 168.255 320.154 256.919 119.852 211.227 222.689 155.555 217.358 209.61 301.907 77.1152 89.9861 314.568 321.224 289.082 274.884 
-52.5168 163.61 127.868 211.505 157.344 110.737 148.286 338.992 168.995 318.8 256.33 118.975 210.22 221.689 157.471 219.023 211.228 302.83 76.1715 89.6692 313.96 321.31 289.661 276.196 
-61.9766 163.617 126.744 212.465 156.765 109.101 146.757 340.406 169.658 319.641 258.089 117.368 209.656 221.107 157.86 220.296 210.95 302.462 73.3727 90.8902 314.061 320.935 290.056 275.092 
-71.5314 164.514 124.673 213.182 156.189 106.993 145.77 340.794 170.427 319.372 257.543 116.019 208.564 220.196 159.44 219.534 211.939 303.184 73.0984 91.8002 313.163 320.67 290.218 276.383 
-79.5007 165.019 125.167 215.214 158.149 107.909 146.361 341.116 170.423 318.78 255.965 117.075 208.446 221.192 159.986 220.852 211.353 304.2 72.6716 93.1962 311.96 319.222 289.283 275.227 
-88.0496 163.586 125.636 213.212 160.41 107.508 147.208 340.955 169.22 318.77 254.144 118.069 207.15 221.671 161.051 219.028 211.908 305.339 70.6647 92.8976 312.265 317.966 289.556 275.951 
-97.0792 164.137 126.297 213.62 161.232 105.354 144.962 341.131 169.208 317.681 254.751 118.103 207.685 222.975 161.776 220.887 213.207 307.39 71.6763 92.5024 310.211 318.81 288.365 277.818 
-106.873 163.347 126.083 212.053 162.248 103.299 145.552 340.97 169.799 316.929 255.55 118.744 206.357 221.575 163.336 221.268 214.126 307.855 70.7966 92.117 309.672 317.859 287.895 277.87 
-115.886 162.811 127.661 213.966 163.548 104.752 145.359 340.542 171.939 316.391 256.762 117.483 206.353 221.758 161.606 221.572 215.678 307.948 72.0338 93.9791 311.069 317.982 289.222 277.892 
-123.455 162.994 128.048 211.973 165.164 105.402 146.933 341.496 171.758 315.861 258.954 116.529 205.446 221.672 160.384 223.236 214.017 307.223 72.3618 95.2811 310.603 318.647 289.327 280.306 
-132.032 162.08 127.22 210.452 164.366 104.072 147.406 342.068 171.108 315.276 260.122 115.34 204.21 222.309 159.258 222.913 215.076 306.115 73.4275 94.7251 310.22 317.354 289.36 280.253 
-137.14 161.628 127.055 211.695 164.234 103.276 146.044 342.122 171.242 315.045 261.469 116.326 203.981 221.377 160.941 222.968 217.184 306.221 72.0016 95.4319 307.91 317.162 287.478 279.377 
-143.759 162.033 128.24 212.332 163.675 103.948 146.559 338.988 171.98 313.909 261.376 117.151 204.154 219.365 160.51 223.632 217.576 308.6 69.4695 95.6697 308.866 317.746 285.593 278.75 
-153.017 161.375 126.904 214.245 163.874 105.269 145.166 338.658 172.861 314.485 261.696 116.876 203.136 219.121 159.408 223.296 218.703 307.36 68.093 95.7095 307.859 318.597 284.507 278.633 
-162.373 160.856 127.488 212.529 164.664 105.918 146.038 338.371 171.638 314.712 261.637 115.875 203.65 219.565 159.402 222.866 220.266 309.283 66.0828 95.66 308.744 318.937 284.1 276.737 
-169.901 159.792 127.659 211.341 165.409 104.074 146.314 337.552 171.388 314.163 261.366 116.248 202.36 219.554 161.61 221.335 219.955 309.008 66.6577 95.6292 307.758 319.265 283.911 276.888 
-174.981 159.066 127.397 210.737 164.599 103.532 147.307 338.282 172.807 313.469 260.72 116.213 202.516 218.763 161.031 220.104 219.178 307.448 64.8178 94.4719 306.307 320.496 282.9 278.305 
-180.586 159.173 128.712 207.213 164.495 103.441 148.911 338.027 172.632 313.661 261.964 115.478 202.733 218.033 159.371 217.666 220.226 307.508 64.9228 93.4775 306.977 319.525 282.911 279.453 
-189.767 158.534 130.365 207.442 165.757 104.294 149.16 337.442 174.449 313.491 262.447 115.199 204.218 219.034 161.153 218.052 221.949 309.137 63.285 94.1711 304.943 318.433 282.065 278.307 
-199.58 156.806 129.389 207.265 164.451 104.246 150.03 339.214 172.878 314.387 260.728 113.745 204.694 217.278 161.625 217.817 222.613 308.284 62.3554 94.7494 303.246 317.868 281.939 279.125 
-205.418 155.393 130.343 205.88 164.972 105.018 150.192 337.396 172.039 313.157 260.629 112.837 204.402 217.236 159.441 218.22 221.625 308.589 65.9227 96.1871 303.038 317.927 281.156 280.112 
-211.393 154.388 130.332 204.995 166.514 105.277 151.231 335.534 171.294 311.76 262.035 114.414 204.424 219.352 158.947 218.84 222.803 307.672 65.8766 96.7042 300.815 317.692 281.384 278.407 
-220.616 154.989 132.128 205.914 166.684 103.322 150.566 334.112 171.104 312.201 261.079 114.329 204.123 219.348 160.581 218.69 221.852 307.756 65.5112 95.9213 300.663 318.091 280.803 278.982 
-228.156 155.623 129.828 206.937 167.438 104.404 149.079 335.678 172.279 310.632 259.577 113.879 203.29 219.552 161.264 219.111 221.804 309.565 65.511 95.9323 298.36 319.337 281.092 279.854 
-237.158 155.331 128.416 205.401 169.19 105.103 150.512 334.21 172.519 309.387 258.595 115.677 202.595 220.852 159.829 217.787 221.827 307.193 64.6165 96.6571 299.502 316.794 281.541 280.171 
-245.692 156.006 127.047 204.531 170.494 105.998 151.687 333.685 173.037 308.419 257.802 114.782 203.28 222.193 158.741 216.949 221.767 305.195 66.3891 96.6885 299.83 316.228 281.506 281.104 
-251.2 155.65 128.375 202.52 171.341 104.221 153.192 332.947 173.602 307.928 257.046 115.725 204.248 221.87 160.599 217.722 220.489 306.16 65.845 97.3817 298.576 315.479 281.013 279.768 
-256.207 154.677 129.321 200.499 170.261 106.224 154.608 332.78 175.291 306.352 254.696 116.21 204.092 221.178 161.253 216.021 219.223 307.626 67.002 98.0188 300.149 314.112 281.557 280.561 
-264.324 155.049 129.104 198.149 171.548 105.401 156.604 332.022 176.312 305.484 255.76 114.698 203.481 222.522 163.01 217.308 219.836 306.714 68.0045 98.1187 298.267 314.292 282.379 280.903 
-272.232 155.63 130.228 196.298 171.767 105.578 157.007 331.763 176.147 306.208 255.748 114.564 203.535 221.797 164.896 217.365 220.71 308.002 68.1442 97.3317 297.634 314.667 283.598 279.557 
-277.252 155.443 130.168 198.137 172.9 104.596 156.821 331.876 177.993 306.057 255.72 114.706 202.887 220.002 167.143 217.752 222.685 309.45 70.2714 97.607 297.125 313.367 282.262 278.512 
-285.101 155.168 130.48 199.671 171.075 106.607 155.787 332.822 178.07 304.58 256.498 114.734 203.745 221.157 168.332 217.897 223.864 309.098 72.1244 99.2779 297.674 312.099 281.612 277.645 
-290.919 155.131 129.055 200.055 173.083 108.47 155.915 332.286 178.964 304.339 256.18 113.614 203.334 220.061 168.832 217.799 223.027 310.024 72.7191 100.918 296.561 312.015 280.911 278.295 
-298.281 153.891 129.674 198.155 173.619 108.562 157.157 331.904 180.492 303.547 255.161 114.038 203.284 221.663 168.17 217.876 223.98 309.524 71.8967 101.394 297.035 311.789 281.805 277.665 
-306.882 154.417 131.608 199.051 175.669 108.365 155.724 330.964 181.463 304.693 254.171 113.866 202.078 220.936 169.632 216.873 223.397 310.246 69.9874 102.286 296.074 311.118 280.192 276.049 
-312.051 154.201 130.522 200.374 177.658 108.337 155.646 328.501 181.831 305.68 255.42 113.016 201.847 222.45 169.851 214.917 226.087 311.249 70.327 103.066 296.971 311.224 280.795 274.656 
-317.844 153.872 131.13 201.555 176.718 106.995 154.574 329.263 183.314 304.635 253.83 113.457 203.263 223.591 170.206 215.002 226.509 312.558 71.0743 103.246 296.294 311.378 279.609 272.94 
-327.191 154.181 133.529 201.546 178.687 107.596 153.971 329.917 184.758 304.934 253.421 112.319 202.576 222.48 172.804 216.305 227.684 315.039 70.0959 104.517 294.573 311.896 279.074 274.112 
-335.771 152.887 131.486 203.504 179.182 107.776 154.507 328.898 184.19 305.47 253.346 111.363 202.913 222.128 172.19 214.775 226.812 313.607 70.3242 105.855 292.516 310.638 279.384 274.395 
-343.042 153.089 131.572 204.522 180.087 108.444 155.123 329.784 183.363 304.042 253.437 111.408 203.239 221.481 170.733 217.396 227.14 312.015 71.1014 107.991 293.487 309.83 278.692 273.684 
-351.258 151.03 132.195 205.531 180.952 107.605 153.61 329.673 185.137 303.042 254.968 110.171 202.204 222.214 169.597 217.497 226.49 311.174 69.3749 108.308 294.446 309.196 277.531 274.371 
-360.271 150.805 132.629 205.383 180.47 106.11 152.286 331.129 184.109 301.154 255.482 110.51 201.588 222.282 170.141 218.28 226.652 312.421 69.6041 108.432 292.766 309.944 277.921 274.839 
-366.812 149.926 132.631 207.614 179.255 104.977 151.716 332.626 185.248 300.096 257.127 108.27 200.531 222.44 170.989 219.035 227.37 314.956 69.0254 108.382 293.129 310.339 276.518 273.506 
-374.226 150.284 133.18 206.241 180.303 106.361 151.588 331.676 185.842 299.571 257.164 107.848 200.198 224.227 170.181 218.256 228.817 313.203 66.8887 107.807 291.788 309.91 276.979 274.53 
-379.815 148.657 133.038 206.546 179.508 105.511 151.227 333.419 185.668 298.68 257.646 108.889 199.524 225.295 169.196 218.78 229.364 315.457 65.7633 106.842 290.898 309.254 277.368 273.298 
-389.015 148.931 131.609 206.766 178.486 106.319 150.29 334.865 185.866 298.777 258.006 107.38 198.307 226.039 168.012 219.325 230.462 316.461 64.5395 108.27 290.212 309.005 276.62 274.09 
-396.835 148.174 130.422 206.453 179.957 106.241 150.504 336.734 185.43 298.37 259.312 106.901 198.236 225.929 166.157 218.755 231.796 314.588 64.8309 109.112 289.634 309.844 276.181 272.716 
-404.15 148.31 128.612 204.247 180.636 105.242 149.995 334.65 185.337 298.342 258.258 106.682 198.478 226.119 166.645 216.932 231.605 315.479 64.2425 108.867 289.444 309.445 274.653 270.396 
-409.237 147.422 129.975 202.704 182.801 105.365 149.623 332.885 184.556 299.395 259.998 106.52 197.566 225.167 164.962 216.872 228.765 316.503 62.9305 110.365 290.588 308.664 273.08 269.679 
-415.626 146.505 128.354 202.798 184.661 104.398 149.586 333.469 185.767 299.351 260.143 105.664 196.887 223.103 164.953 216.195 227.794 315.761 61.8091 110.368 289.241 308.612 271.997 270.504 
-422.807 145.478 128.378 203.602 185.343 104.065 149.046 332.488 186.598 299.463 260.301 105.971 196.15 221.753 162.952 215.27 225.878 316.891 63.2024 111.475 289.369 308.395 272.692 271.091 
-430.785 144.37 127.047 201.907 187.146 103.612 149.363 333.428 187.298 299.837 260.886 107.725 196.256 221.675 164.801 215.201 226.46 316.875 62.8574 112.763 289.022 307.562 273.936 272.044 
-438.765 144.352 125.91 201.048 186.605 104.193 150.353 334.815 187.273 300.617 257.965 107.102 195.481 219.498 165.755 214.662 226.169 315.981 61.4797 112.273 289.911 307.267 273.187 271.116 
-445.066 143.944 126.386 201.377 187.989 104.167 149.416 332.369 186.62 301.432 259.402 107.401 195.93 218.26 164.411 213.437 224.584 314.584 62.2606 112.64 289.268 307.978 272.189 272.973 
-454.023 143.407 126.405 201.041 189.121 102.63 148.271 333.309 187.458 302.366 257.945 109.075 196.005 217.321 163.641 212.712 222.87 314.97 63.7208 111.823 288.542 307.764 272.933 271.806 
-462.588 144.246 127.799 199.238 188.826 101.656 149.511 331.416 186.833 302.417 257.569 107.989 195.492 217.353 163.815 213.935 220.858 315.693 61.8566 111.563 289.199 306.279 274.162 270.742 
-470.665 144.774 127.765 199.095 190.263 100.445 149.975 329.218 186.178 300.619 257.88 109.211 193.625 217.142 162.205 215.177 219.938 317.515 64.2407 111.093 288.586 306.678 273.052 269.98 
-477.381 145.187 128.222 197.647 190.847 99.9294 150.021 329.901 185.731 300.098 258.498 108.181 194.896 217.355 161.087 216.065 219.243 318.091 62.1963 111.467 288.818 308.001 273.081 271.528 
-485.848 145.638 127.811 198.671 189.866 100.967 149.305 329.002 185.099 301.628 258.913 109.367 193.072 218.543 160.648 217.188 219.347 317.11 61.151 110.715 287.444 309.087 273.635 271.604 
-493.23 145.836 127.856 199.056 191.897 100.828 148.718 328.817 184.868 300.999 259.941 107.951 191.777 218.416 162.304 216.852 218.592 318.458 62.6359 110.388 287.217 308.448 272.68 273.747 
-498.487 144.747 128.583 199.094 190.05 101.02 148.612 330.675 185.536 300.802 259.655 107.677 192.33 220.351 160.849 217.357 219.711 318.344 62.9832 109.399 286.122 307.451 271.76 273.058 
-505.694 143.923 130.017 199.393 191.621 102.41 147.787 329.772 186.917 299.294 259.09 109.282 192.268 220.543 160.121 216.562 219.921 319.743 65.2089 111.068 285.592 306.191 270.578 274.82 
-513.832 143.975 128.9 200.855 191.496 102.383 147.397 329.589 186.753 297.763 258.709 111.094 192.69 219.271 159.532 218.344 220.328 320.466 64.217 111.028 286.229 305.305 268.65 274.48 
-520.043 143.174 130.497 200.548 191.928 101.097 146.881 331.152 187.828 296.423 256.77 112.623 192.616 218.538 160.891 218.524 219.704 321.348 64.1344 110.206 286.338 305.109 268.281 276.236 
-528.104 142.27 130.082 198.701 192.171 101.329 146.205 331.269 189.624 296.268 257.539 112.863 191.881 217.08 160.554 217.207 220.89 320.114 65.6083 110.649 285.449 304.094 266.42 275.129 
-536.636 142.357 130.193 199.83 192.125 100.557 145.532 331.872 189.103 296.158 259.043 113.625 192.261 217.784 160.552 217.014 220.461 319.734 66.6939 112.003 286.174 303.747 267.377 273.844 
-545.186 143.123 127.756 199.163 192.038 99.4836 145.227 330.099 187.184 296.298 257.559 114.755 191.269 218.47 160.583 216.266 218.947 321.26 66.1932 112.508 287.518 302.22 267.353 272.263 
-550.567 144.227 129.013 199.303 193.227 99.0975 145.761 330.156 186.634 297.697 255.557 114.137 190.69 220.332 159.872 217.588 219.015 320.463 67.2349 112.505 287.068 301.096 269.167 271.259 
-557.1 145.191 127.723 197.042 195.335 99.9037 146.734 330.666 184.911 296.07 256.781 114.553 190.068 219.71 161.048 216.713 218.037 321.637 68.5594 113.956 287.168 299.808 269.426 272.954 
-562.302 144.381 127.69 195.536 195.478 101.036 146.318 330.253 185.794 296.665 257.327 113.16 190.283 218.282 163.88 216.429 219.83 323.196 67.2408 114.899 284.794 300.486 268.5 273.922 
-569.079 142.902 127.976 195.373 195.236 101.551 147.322 329.197 185.325 296.971 258.748 112.013 190.781 216.961 165.76 217.279 218.829 323.642 68.7416 115.697 283.053 300.858 267.883 275.236 
-575.085 142.437 128.163 197.332 195.12 101.589 147.946 327.435 186.299 297.518 259.061 111.496 189.099 217.247 167.043 218.007 218.178 323.199 67.6357 117.103 280.658 301.97 268.272 276.75 
-582.202 141.67 127.034 195.841 195.191 101.072 147.97 329.687 185.991 296.234 257.683 110.648 189.296 217.483 165.815 216.599 216.824 323.894 68.5185 116.705 281.223 301.307 266.757 275.707 
-588.424 141.065 127.028 197.442 196.764 100.732 146.877 329.721 187.59 295.223 258.401 110.507 189.174 217.873 166.511 217.856 215.737 324.811 69.7431 116.441 281.344 300.215 267.106 277.347 
-595.386 139.701 128.012 199.326 196.681 100.673 147.785 329.484 188.235 295.425 258.331 109.27 189.082 219.533 165.85 218.416 214.944 324.472 69.8542 117.114 282.47 298.377 268.147 277.521 
-604.661 139.195 129.69 196.418 197.224 102.474 149.769 327.998 189.43 293.916 258.178 110.716 189.454 219.918 164.926 217.006 215.82 323.931 68.5746 117.849 280.448 298.882 268.017 277.516 
-611.825 139.02 131.505 195.135 198.91 103.72 149.564 325.837 190.342 293.059 257.529 111.842 189.281 220.823 166.503 216.184 217.484 324.215 69.0439 118.873 279.896 298.454 268.505 277.982 
-619.109 140.087 130.105 196.367 200.428 102.091 150.538 326.435 188.655 293.785 258.691 110.486 188.373 222.661 167.195 217.749 218.848 322.766 70.058 118.789 281.126 299.011 269.94 277.405 
-626.763 141.428 129.361 194.839 202.192 101.381 149.713 326.057 187.551 294.106 260.416 109.82 188.208 223.158 168.913 217.471 219.852 324.993 71.5762 119.133 280.951 299.089 270.419 279.054 
-636.74 142.619 128.232 193.401 200.327 102.637 151.214 328.569 186.815 295.887 261.791 109.412 188.16 223.623 171.36 217.387 218.931 323.622 72.939 118.281 279.374 301.03 270.11 280.774 
-643.053 143.236 128.503 191.875 199.849 103.617 152.087 329.359 187.297 294.907 260.721 110.176 188.222 224.693 172.747 216.34 218.961 322.044 74.0311 117.341 279.128 302.205 268.705 281.428 
-649.973 143.004 128.244 191.957 200.782 104.329 151.372 326.972 186.248 294.07 259.969 110.501 187.422 226.072 173.22 216.325 218.563 323.171 75.1922 116.514 277.368 303.061 268.095 279.955 
-656.26 142.474 126.195 191.278 201.473 103.451 152.017 325.341 184.369 292.166 258.582 110.503 187.585 227.719 174.281 217.542 217.48 322.322 73.632 115.936 277.105 302.429 267.911 278.789 
-663.519 142.365 123.721 189.631 200.848 103.721 153.159 324.338 183.452 293.049 258.174 108.845 185.53 227.992 174.861 215.888 217.044 321.43 71.8744 114.937 278.194 302.415 268.11 277.605 
-673.491 142.623 122.166 188.021 200.45 104.019 152.918 323.173 184.123 291.966 256.359 108.34 185.296 226.495 174.625 214.071 216.793 322.765 72.0042 113.419 279.296 300.706 266.37 275.333 
-679.257 143.108 121.126 187.611 199.943 101.857 153.981 322.935 184.987 293.589 255.948 108.336 185.121 226.123 173.65 213.285 214.663 322.357 73.7326 112.661 278.5 302.23 266.294 274.628 
-687.551 144.091 121.547 188.425 199.069 100.553 152.926 323.892 185.091 294.585 257.851 106.668 185.767 225.33 173.264 213.795 213.264 324.113 74.6113 111.795 279.57 303.559 267 276.436 
-696.517 145.397 120.353 189.733 198.124 101.134 151.928 324.433 186.451 296.431 257.955 108.115 184.888 227.182 171.683 214.589 212.948 325.199 77.079 110.235 279.455 303.384 265.93 277.542 
-701.917 146.988 121.022 188.138 198.219 101.091 153.086 325.092 187.201 295.429 258.042 108.379 185.37 226.41 172.44 216.298 212.566 325.958 76.932 110.801 280.727 302.692 265.052 277.748 
-709.5 147.887 119.33 187.996 197.828 102.778 153.116 324.824 185.852 296.697 256.403 109.183 185.766 227.222 173.96 216.23 212.937 328.036 75.3295 111.062 281.478 302.38 264.803 276.31 
-718.88 148.015 118.72 188.229 197.624 101.998 154.276 325.192 184.552 298.071 254.325 109.959 185.007 228.61 176.017 215.999 212.75 330.504 75.5948 109.555 280.436 303.085 263.26 275.028 
-728.14 147.833 118.984 188.012 196.06 103.38 154.713 324.955 183.221 297.263 254.85 108.097 184.61 227.046 175.058 215.115 211.45 330.319 75.4005 108.947 281.359 303.385 263.585 274.598 
-733.793 148.298 117.703 185.904 195.208 102.566 154.298 325.191 183.977 297.768 253.507 109.561 185.224 226.333 173.817 214.381 211.663 331.161 76.6755 108.779 278.971 304.603 262.093 276.253 
-742.273 147.977 117.362 185.234 195.848 104.165 153.773 326.917 185.086 299.069 253.157 110.664 185.293 225.888 175.54 213.54 209.492 331.382 76.2456 109.666 277.903 304.289 262.585 277.504 
-750.366 148.437 117.428 186.235 195.264 104.396 152.31 326.399 184.823 298.12 253.795 111.295 186.181 225.681 176.135 214.842 210.895 331.114 77.047 109.814 276.465 305.808 261.269 277.188 
-756.175 149.802 116.757 186.296 193.655 102.685 152.484 326.734 183.821 298.603 253.159 111.174 186.165 225.769 177.291 213.743 210.15 330.5 78.292 110.105 275.355 305.85 261.872 278.313 
-763.962 149.897 115.874 184.721 195.071 101.381 151.664 325.703 182.951 298.532 252.307 111.039 185.396 225.815 175.353 213.425 210.683 331.602 77.1139 108.968 275.985 304.332 262.157 277.02 
-773.556 150.126 114.285 186.026 194.322 99.3714 152.7 326.704 182.334 299.055 250.781 112.152 185.138 227.201 174.381 212.995 209.218 332.384 78.9247 107.141 276.53 303.496 260.62 277.843 
-782.148 150.43 114.065 187.179 192.807 100.105 151.075 328.411 181.549 299.184 249.334 111.473 186.322 229.256 172.994 215.531 209.118 331.721 79.8469 106.772 275.108 304.196 260.955 279.896 
-792.079 149.679 113.578 187.342 193.993 98.5578 151.397 329.762 179.879 300.613 249.489 111.966 186.743 230.93 174.201 214.027 208.572 330.578 80.7809 106.509 273.55 305.072 260.911 281.272 
-799.789 149.831 111.529 185.937 194.628 99.9739 151 328.633 178.476 300.393 248.29 112.143 186.739 230.163 176.348 213.181 209.962 331.641 81.3717 106.108 271.464 305.271 260.883 279.091 
-808.471 150.287 111.697 185.485 193.974 99.201 151.654 328.585 178.225 301.912 247.929 111.12 187.707 231.547 176.536 212.827 209.421 333.041 80.912 105.971 272.531 305.872 261.321 278.347 
-815.607 150.376 113.455 185.05 194.569 97.5918 151.039 329.734 177.673 301.137 249.187 110.538 188.502 231.05 175.96 213.331 209.914 331.413 80.0223 106.886 272.496 306.357 260.035 278.032 
-820.942 149.644 113.845 186.786 195.171 95.5894 150.775 329.005 179.295 300.681 250.841 110.706 188.368 230.385 175.945 211.98 208.302 332.923 78.2484 108.5 271.734 307.373 259.493 279.705 
-828.627 149.87 115.655 185.827 195.617 95.4957 150.792 328.328 181.129 302.106 248.604 111.097 188.61 228.439 177.566 210.082 209.01 331.742 78.9151 108.465 270.022 306.915 260.454 281.693 
-837.128 149.821 114.377 186.141 196.253 97.0052 151.423 327.143 182.443 302.089 248.924 109.402 188.722 226.971 177.277 208.992 206.758 332.939 80.2321 107.659 268.409 308.466 260.071 283.09 
-844.629 150.005 114.104 186.571 194.165 95.7719 150.722 327.423 184.043 301.381 250.934 109.833 188.195 225.437 178.955 209.814 205.807 332.176 82.3875 108.425 268.51 307.971 260.391 284.617 
-851.445 150.163 112.323 188.048 195.319 96.4313 149.949 328.498 185.119 299.976 250.913 109.14 188.044 224.611 179.804 211.095 204.166 329.917 81.6195 109.731 268.229 307.091 259.088 285.52 
-856.615 150.184 112.845 189.177 194.785 94.8004 148.655 327.832 185.178 300.742 249.416 110.074 187.425 225.316 179.387 211.127 204.88 331.23 80.4458 108.123 266.724 308.283 260.034 287.129 
-863.182 151.823 114.48 188.655 195.899 95.6491 148.725 329.443 185.22 300.127 250.587 110.709 187.535 225.781 178.919 210.477 206.202 330.418 80.9073 107.763 267.887 307.939 260.72 286.903 
-869.405 152.375 114.501 186.596 194.681 94.7025 149.29 328.753 186.035 301.32 249.083 110.369 187.078 224.857 178.919 210.582 206.784 329.217 79.8804 107.502 268.42 308.209 261.47 286.882 
-877.443 152.062 113.294 188.012 196.557 93.2722 149.878 329.338 184.831 301.358 249.779 110.235 186.753 226.125 177.51 210.146 207.508 330.092 80.0516 107.869 269.692 306.495 261.147 287.929 
-883.929 152.303 114.243 185.974 195.326 91.7159 149.373 330.09 184.324 302.886 249.973 109.832 187.472 225.684 177.686 210.309 207.007 330.419 79.7891 106.695 270.416 307.153 259.405 289.864 
-893.082 153.184 113.503 186.391 196.399 90.6779 149.156 330.733 183.186 304.479 248.594 111.871 187.801 225.732 179.493 211.647 207.487 332.372 80.2498 105.528 269.694 308.001 259.546 291.051 
-898.444 153.418 111.305 187.752 195.761 88.9107 149.883 330.261 183.199 305.422 248.889 110.88 186.54 225.403 180.458 211.417 208.016 332.853 80.614 104.97 271.788 307.705 259.376 291.512 
-906.502 154.549 109.13 187.846 195.95 91.0367 151.105 330.633 181.885 305.847 247.34 111.193 185.648 224.275 182.027 211.907 204.751 331.708 81.3968 103.528 272.727 307.724 259.19 291.6 
-914.343 154.745 108.251 186.633 196.944 89.3898 151.488 329.63 182.362 307.31 249.313 112.67 184.611 226.098 183.577 212.473 205.698 331.298 82.8546 104.61 272.741 308.922 257.954 293.683 
-920.963 156.332 106.498 188.059 196.147 88.1818 150.447 331.836 181.721 307.775 249.908 112.539 183.972 226.263 183.344 214.234 206.826 332.848 82.4928 104.228 270.999 310.91 256.366 293.867 
-926.212 157.441 106.24 187.912 194.436 89.5705 149.208 330.65 180.468 307.209 251.289 110.87 182.282 226.991 182.888 213.891 207.709 332.638 80.7996 104.623 270.896 311.942 255.264 293.733 
-933.687 157.727 107.844 189.172 195.176 88.9731 148.853 331.68 182.639 307.762 253.466 110.282 181.946 228.215 183.756 212.868 207.531 334.426 81.5529 104.496 272.041 310.971 255.166 294.828 
-939.858 157.307 107.933 187.039 195.086 89.3624 149.901 330.686 182.232 308.307 253.591 111.128 181.138 227.869 185.833 211.957 208.17 332.484 83.6539 104.481 271.705 311.282 254.399 295.337 
-946.748 157.004 108.726 185.867 194.827 87.9699 149.707 330.335 183.398 309.285 253.641 110.516 181.468 227.316 186.844 211.392 208.365 330.951 82.5315 103.752 270.912 311.39 253.43 296.423 
-953.924 157.094 107.432 185.137 194.353 86.4362 149.625 330.7 182.72 308.574 253.556 111.024 181.32 225.961 187.773 210.981 208.919 331.963 82.1027 102.895 270.795 311.849 252.89 295.574 
-963.184 156.526 106.756 186.894 194.785 86.4048 149.071 331.912 182.113 308.054 254.552 111.727 180.071 224.78 187.809 212.018 210.253 333.751 81.0817 104.054 272.397 311.597 252.756 295.357 
-972.652 156.18 106.522 187.98 196.229 86.3816 148.407 330.109 183.412 309.065 255.358 111.753 178.593 222.906 190.329 210.201 210.385 332.915 79.363 105.391 273.624 310.113 253.475 294.169 
-982.255 156.022 106.187 185.043 196.183 88.1155 150.109 330.284 184.008 307.885 254.718 111.548 177.681 222.118 192.336 209.603 212.115 331.625 79.0806 105.701 274.976 309.341 253.913 295.484 
-989.301 156.983 104.887 185.608 194.472 90.0643 149.839 330.478 184.124 308.866 253.212 110.793 178.564 221.747 193.338 209.683 210.59 332.454 78.8719 105.213 275.849 309.35 253.981 294.913 
-996.429 156.449 104.116 184.225 195.383 91.6732 149.455 331.801 184.106 307.539 253 111.609 178.711 221.888 193.614 211.005 209.432 333.393 78.0497 105.708 275.233 308.61 252.788 294.623 
-1003.66 156.859 102.353 184.547 195.462 92.6689 149.362 330.122 184.03 306.753 254.339 110.224 177.17 220.398 192.244 210.308 208.259 333.964 76.8029 106.397 277.096 309.319 251.412 292.457 
-1013.31 158.099 100.854 183.343 194.079 92.2869 149.739 330.141 185.672 307.545 256.226 111.004 176.188 221.027 190.319 210.942 207.769 332.484 76.1945 105.437 278.775 309.079 252.616 293.578 
-1021.09 158.684 99.1872 181.832 193.329 89.9201 149.909 329.701 183.177 307.898 254.891 111.811 176.848 220.711 189.436 210.175 208.815 331.668 78.1199 105.412 278.381 310.199 252.541 292.107 
-1026.17 160.502 101.08 184.469 191.713 88.778 148.516 328.033 182.925 307.33 255.296 111.127 176.795 222.639 188.557 210.955 208.927 332.701 80.0391 105.59 278.21 309.901 252.51 291.971 
-1032.38 161.944 100.858 185.658 193.79 90.4346 147.531 327.487 184.114 308.962 257.02 110.925 175.993 224.02 189.849 210.16 209.936 331.202 80.8383 105.328 278.438 310.728 252.064 290.365 
-1037.62 162.898 100.749 183.257 195.301 88.9495 149.149 325.451 185.342 310.284 256.176 110.734 176.319 224.976 188.319 209.262 211.229 330.638 81.2935 106.263 280.051 310.876 252.441 289.774 
-1046.27 163.73 100.19 183.902 194.715 89.6616 149.066 324.257 185.56 310.073 256.014 111.506 176.486 226.709 189.862 207.79 210.112 331.149 80.8154 105.52 279.009 310.878 253.459 290.328 
-1055.58 164.092 98.9548 184.503 195.684 87.6046 148.518 324.921 186.347 309.576 255.129 111.248 175.966 224.32 190.415 207.456 208.491 331.75 79.5791 105.817 280.238 310.543 251.736 291.433 
-1061.2 164.094 99.6881 186.112 195.885 86.8412 147.986 324.66 186.214 310.242 254.65 112.992 175.278 225.688 190.176 206.872 207.808 331.69 78.6181 104.647 280.273 309.904 251.31 293.074 
-1066.98 164.056 98.8191 184.759 197.033 87.1647 148.044 326.012 186.106 311.402 252.682 111.899 175.834 224.881 191.297 206.776 208.828 330.426 78.3439 105.048 278.967 309.37 252.624 292.668 
-1076.45 164.676 99.804 185.873 197.603 86.0561 146.421 324.434 186.295 311.264 253.83 110.442 174.456 224.206 191.752 207.69 208.481 332.445 78.245 105.607 278.145 308.498 253.702 292.134 
-1083.63 165.166 100.275 185.108 198.409 84.8622 146.352 325.974 185.96 312.135 253.616 111.32 175.109 223.75 191.815 208.013 207.746 333.666 77.4972 104.894 278.624 309.072 254.756 291.185 
-1088.74 164.813 99.917 185.93 198.016 84.7951 144.927 326.206 184.93 312.013 251.864 111.801 175.666 225.992 192.875 209.116 207.837 334.952 77.8604 105.402 279.826 309.59 255.704 290.954 
-1097.17 165.087 100.129 184.993 200.348 86.0677 144.163 326.07 184.616 313.392 251.076 113.313 175.436 225.968 195.132 208.312 208.727 334.545 76.4713 105.117 278.855 311.155 254.476 292.577 
-1104.08 165.711 99.1374 184.036 201.264 87.7064 144.168 327.244 184.781 314.731 249.991 113.165 175.996 225.139 195.432 206.093 207.652 334.027 77.415 105.944 280.159 310.677 253.761 294.552 
-1109.39 166.081 98.1766 183.32 201.141 89.1158 144.248 326.229 185.83 314.552 248.486 113.656 175.702 225.533 191.931 205.107 205.794 332.759 78.1156 106.07 280.265 311.016 253.581 293.094 
-1117.6 165.463 97.8275 184.564 201.668 87.0932 145.181 326.776 186.639 315.297 250.77 112.06 176.869 226.503 193.284 205.375 207.531 333.736 79.8647 106.695 279.259 310.762 253.944 292.98 
-1124.83 166.18 98.7369 185.192 199.561 86.3507 144.68 326.157 186.911 316.235 252.439 110.735 177.499 225.9 192.844 205.238 208.179 333.358 79.4572 107.479 281.619 310.502 252.984 292.925 
-1131.91 166.962 97.3621 184.187 198.935 85.784 145.636 325.369 185.726 315.018 251.564 109.792 178.498 225.517 191.879 205.25 205.938 333.925 79.9101 105.633 282.98 309.628 251.85 291.396 
-1140.36 166.892 98.1342 182.66 198.462 87.3683 145.202 326.12 185.181 316.429 250.598 109.6 178.802 227.929 192.168 206.305 207.138 335.833 80.6922 104.741 284.494 309.835 252.985 291.07 
-1146.3 167.189 98.5759 185.208 197.574 87.0898 144.966 326.41 186.083 318.377 249.197 110.823 179.077 228.298 191.59 207.7 206.7 336.33 80.0521 104.71 286.508 310.239 251.957 291.411 
-1154.44 167.892 96.9646 183.643 196.653 86.4146 146.17 327.066 185.403 319.087 246.967 111.39 178.02 229.304 191.478 205.805 204.999 335.694 80.0857 102.544 286.668 309.246 252.979 290.718 
-1163.72 168.588 96.5486 184.505 195.024 87.6068 145.863 326.707 185.579 319.776 245.305 110.781 178.997 229.346 192.206 205.842 203.946 333.513 79.9044 102.449 286.036 310.034 252.617 292.273 
-1173.61 169.463 96.8647 186.086 195.623 88.9805 144.787 324.881 183.981 318.183 245.9 111.353 178.747 230.291 193.005 205.673 205.146 332.196 80.6768 103.088 285.743 308.737 253.377 290.875 
-1179.09 168.456 94.0371 185.577 197.49 89.3337 145.714 324.883 184.938 318.232 245.878 112.36 179.098 230.864 191.526 205.664 203.527 334.463 79.4456 104.138 286.018 310.183 251.868 293.16 
-1188.02 169.692 94.542 186.467 197.69 90.7155 144.414 326.309 185.87 319.805 246.21 113.125 178.914 230.637 191.285 206.35 202.484 333.96 80.8197 105.597 287.292 311.691 252.444 293.073 
-1196.36 170.441 94.3809 185.662 197.595 90.2868 145.849 324.586 186.712 318.751 245.323 114.012 179.061 229.777 190.366 206.908 201.683 332.42 82.1442 106.097 286.15 311.772 252.26 294.873 
-1202.68 170.247 93.98 186.988 197.485 88.7857 145.754 325.572 187.174 318.598 246.769 112.527 179.794 229.047 188.631 208.276 202.639 332.311 82.7998 105.828 284.433 311.952 251.339 295.468 
-1211.24 170.659 95.6259 185.373 195.576 88.7532 146.488 324.433 188.054 317.874 248.29 111.408 178.922 228.619 188.523 208.822 201.588 333.287 82.3814 105.238 283.151 312.317 251.738 295.346 
-1216.48 171.321 95.2242 184.756 196.789 89.2382 146.846 324.862 188.159 318.775 247.295 110.485 179.151 227.182 187.739 208.62 199.237 332.191 81.4704 105.643 285.426 310.801 251.122 295.053 
-1222.22 170.965 93.091 184.883 197.235 88.3265 147.587 325.722 188.342 318.207 246.184 112.745 179.292 227.317 186.963 209.935 196.487 332.582 84.0373 105.122 287.298 311.058 251.47 294.23 
-1230.84 170.278 92.7966 182.678 198.125 89.722 147.161 325.536 186.923 317.802 246.612 113.407 180.14 227.839 188.163 209.102 197.85 334.314 85.6798 105.356 287.478 310.15 251.39 294.885 
-1235.94 170.097 94.9089 181.306 197.761 91.6808 148.705 325.488 186.996 318.914 245.72 113.022 181.434 230.169 187.575 209.577 196.388 333.93 85.1887 104.408 287.253 311.212 252.092 293.817 
-1243.97 170.086 93.6467 182.385 196.585 91.1118 148.808 325.349 185.597 320.203 245.112 114.404 180.761 231.145 186.938 209.331 194.432 334.603 85.2167 105.134 287.632 310.386 250.676 294.024 
-1251.24 169.883 94.2009 183.6 197.856 89.9536 148.792 324.013 185.443 318.636 243.102 114.845 180.28 231.518 186.112 209.32 192.974 334.968 84.5888 105.947 288.251 309.457 250.593 295.669 
-1257.89 169.482 93.9129 181.909 198.598 88.3705 149.408 324.038 184.105 319.93 243.416 114.276 179.981 230.62 185.548 208.527 190.507 334.651 86.2821 105.891 288.219 309.225 249.448 297.754 
-1265.3 171.008 95.0082 180.717 199.466 89.714 148.507 322.44 184.495 319.896 242.756 116.299 179.72 231.838 186.624 209.312 190.623 336.166 87.4164 106.652 286.337 308.417 249.019 296.015 
-1274.24 171.15 94.5858 181.304 201.063 91.2189 147.339 321.791 185.438 319.181 240.824 115.76 179.372 231.2 187.651 210.157 188.898 336.789 88.215 106.354 285.427 308.421 249.952 295.57 
-1279.55 171.69 95.1116 180.922 199.394 90.354 148.668 323.097 185.705 318.222 240.705 117.25 179.902 233.064 188.244 211.98 189.334 335.646 90.2455 106.329 286.909 306.971 251.092 298.137 
-1288.65 171.732 94.0934 181.491 199.202 91.2341 148.81 321.87 184.874 318.212 241.115 116.316 179.02 234.137 189.476 211.892 188.786 335.617 89.7876 106.37 287.081 306.474 249.356 299.757 
-1298.27 172.793 92.6443 181.298 200.327 92.8387 149.437 321.726 185.113 317.838 241.804 117.655 178.584 233.935 188.227 212.47 189.914 334.551 92.3513 107.381 288.691 306.749 248.799 300.051 
-1306.7 172.737 90.9663 183.292 199.204 94.4057 149.158 321.514 186.057 316.202 243.366 116.874 177.57 233.473 187.609 214.604 190.143 335.282 94.6332 106.564 290.287 305.414 247.824 300.586 
-1315.75 173.197 90.7083 184.029 200.317 96.2317 149.456 319.748 185.96 315.237 245.219 115.747 176.699 234.326 186.676 216.631 191.03 333.148 93.1252 108.249 290.074 305.387 246.539 299.894 
-1321.57 173.046 91.4652 184.087 201.092 93.741 148.266 318.095 185.652 313.682 244.663 116.484 175.818 232.779 186.362 215.626 191.454 333.745 92.5291 107.817 288.981 305.669 246.373 299.255 
-1330.12 172.726 89.7655 182.813 199.389 93.7176 148.93 317.698 184.785 315.431 242.674 116.794 175.685 233.865 184.899 215.185 191.931 333.646 92.2813 107.608 289.713 305.051 246.329 300.117 
-1336.77 173.482 89.2289 183.069 200.1 93.2915 147.903 319.071 186.055 314.673 243.073 117.635 176.299 236.069 185.591 215.779 193.087 332.02 94.8858 108.111 289.74 305.285 246.191 298.569 
-1342.11 174.643 88.5968 182.073 201.52 93.2479 148.792 317.907 184.027 315.3 243.711 116.913 175.631 236.718 186.542 215.241 193.199 332.685 94.7193 107.661 290.368 305.055 244.739 298.01 
-1349.21 175.099 87.4396 182.958 200.057 92.5042 147.41 319.283 184.421 315.774 241.599 115.94 175.154 235.826 188.879 215.035 194.201 332.022 94.0444 108.275 292.472 304.225 244.033 296.088 
-1358.84 176.311 86.8873 185.041 198.387 93.5034 145.792 317.255 185.73 315.501 241.178 115.211 174.839 233.596 188.34 215.607 193.339 331.518 95.2905 108.497 294.54 302.952 242.614 295.056 
-1368.03 177.186 88.3494 185.998 199.698 93.6829 146.232 315.179 185.285 315.57 241.892 116.253 176.36 233.028 186.973 217.322 194.296 331.854 96.3273 109.332 296.913 301.347 242.261 293.227 
-1375.14 176.963 89.9212 187.587 198.388 95.3823 145.602 313.282 186.256 313.919 240.281 117.59 176.947 235.271 188.25 218.993 193.979 331.695 98.1208 109.468 296.01 301.715 243.201 292.539 
-1384.51 177.275 89.3061 188.612 199.256 94.3122 146.339 313.023 186.863 312.219 240.101 117.267 177.071 235.193 185.585 218.584 194.577 331.17 99.2731 108.64 294.543 303.594 241.66 293.5 
-1394.43 177.762 88.41 186.98 199.112 94.8697 147.482 311.826 185.835 312.8 241.559 117.355 177.638 235.42 186.027 217.748 193.127 328.83 98.0293 107.931 293.098 304.155 244.144 293.192 
-1403.08 176.646 88.1078 186.433 200.191 95.1295 147.454 309.856 186.023 312.03 240.82 118.24 178.135 234.103 184.255 215.859 194.102 329.629 98.2127 108.537 292.366 303.781 244.908 294.164 
-1408.57 176.367 87.1349 187.459 199.792 94.0222 148.301 310.152 187.312 311.455 242.084 118.621 177.707 235.551 182 215.285 195.072 327.61 100.274 108.155 293.198 304.228 245.06 293.305 
-1418.02 178.009 87.4537 185.769 201.739 93.3391 148.547 310.005 186.661 312.437 242.051 117.892 179.212 235.522 183.974 215.754 196.745 325.942 100.527 108.294 294.04 304.975 245.26 294.625 
-1424.22 178.21 85.6553 186.579 199.625 91.5803 148.256 309.659 186.052 311.107 240.868 118.279 178.182 234.303 182.431 217.107 195.417 325.483 101.938 106.791 292.396 304.981 245.17 294.369 
-1431.52 179.673 84.4098 187.01 198.482 91.9032 148.764 309.895 187.147 310.97 242.342 116.943 178.936 233.194 183.077 216.543 193.484 326.59 103.079 106.369 293.37 304.596 246.26 295.16 
-1439.69 179.135 84.1513 188.365 196.899 92.8558 148.653 309.507 186.079 311.647 243.565 115.75 179.34 232.916 181.365 217.313 193.095 323.763 104.06 107.028 292.194 304.935 245.419 295.688 
-1447.41 179.269 83.9055 186.126 196.763 93.9399 149.097 310.57 186.396 310.879 242.912 117.733 179.562 234.506 181.762 216.219 192.384 321.589 104.015 107.968 294.02 303.975 245.02 294.721 
-1455.16 179.862 86.2022 184.646 197.241 92.4267 149.538 310.735 186.032 310.148 242.336 119.093 180.179 235.52 181.352 216.349 194.114 321.448 104.243 108.485 292.786 306.046 247.226 293.517 
-1463.79 181.343 86.8104 184.692 197.611 91.4676 148.996 311.462 184.835 309.531 241.422 120.637 180.052 237.342 179.792 218.407 193.57 322.463 104.935 107.816 295.334 306.739 249.415 295.186 
-1472.01 181.731 88.4805 185.942 198.1 89.6501 149.057 310.239 185.231 308.489 241.117 121.701 180.125 237.763 179.014 219.806 192.809 321.227 103.468 107.088 296.677 306.45 250.277 293.8 
-1477.75 181.661 87.9369 183.792 200.135 89.2762 150.679 308.208 185.098 308.607 242.588 119.928 178.728 237.682 178.356 219.742 194.238 322.104 101.63 108.425 298.34 306.109 250.12 294.119 
-1484.76 183.06 87.2331 184.888 200.045 89.2574 150.114 307.494 185.272 309.9 242.772 119.852 178.618 236.879 178.014 220.011 193.95 319.619 103.468 109.347 299.874 305.655 251.152 294.831 
-1490.96 183.255 87.3896 184.689 199.727 88.9377 151.055 308.26 185.689 309.779 241.903 120.589 178.288 236.475 177.526 221.345 192.511 317.281 103.895 108.161 298.711 305.59 251.107 296.141 
-1495.96 184.035 88.9401 186.151 198.408 86.6803 151.367 308.74 186.839 308.04 241.66 120.007 178.95 236.097 178.11 220.802 192.732 318.091 103.12 108.966 298.455 306.418 251.127 296.832 
-1503.61 184.722 88.2733 185.894 198.974 85.2537 150.322 308.775 187.972 308.128 241.612 118.53 178.206 235.079 179.793 219.86 192.692 317.179 103.515 110.133 299.22 306.364 251.919 295.832 
-1509.5 185.521 87.4932 185.283 198.841 87.0112 150.795 307.547 189.746 309.303 242.552 119.914 177.581 233.765 178.089 219.692 192.664 315.48 103.614 109.389 300.329 306.812 251.484 297.485 
-1518.99 185.251 88.9208 185.447 196.923 87.9533 151.466 308.302 189.726 308.81 240.573 120.117 177.222 236.009 176.489 219.173 193.244 313.186 104.897 108.198 300.926 305.186 251.694 297.451 
-1525.84 183.21 89.9318 186.725 196.61 89.9759 152.113 309.352 191.341 309.437 240.501 119.661 177.538 236.522 177.67 220.198 193.628 313.164 103.985 108.001 301.276 305.133 250.933 299.887 
-1535.53 182.378 88.1953 188.118 196.651 90.2944 151.615 308.328 192.293 310.683 238.557 121.244 176.511 235.361 177.191 218.37 191.55 310.865 103.28 107.497 301.41 304.5 251.151 301.648 
-1545.07 182.771 87.6746 187.847 196.831 88.5658 152.001 307.919 193.023 309.974 239.043 120.418 175.668 236.605 175.963 218.271 190 309.883 102.611 107.757 302.519 304.077 252.567 300.324 
-1552.02 182.213 88.7844 188.539 198.425 87.1005 151.276 306.339 194.395 309.969 238.4 119.495 174.613 235.51 176.792 216.939 189.101 310.667 103.432 108.69 304.692 301.858 254.221 301.214 
-1557.75 181.606 88.3627 190.396 200.03 86.7334 150.473 307.362 193.764 309.82 240.276 120.368 175.857 234.812 175.35 219.429 188.095 309.336 102.705 109.961 305.74 302.863 254.033 302.004 
-1565.18 182.631 87.4846 189.102 201.5 84.9379 151.259 306.083 193.288 310.288 241.237 119.898 174.812 233.302 175.729 217.3 189.304 306.895 104.793 110.034 303.656 302.873 253.362 302.648 
-1570.34 181.437 86.9103 189.793 199.805 87.0944 150.984 305.643 192.487 309.191 240.25 118.885 174.968 233.777 174.799 216.932 189.183 307.284 104.244 110.052 302.66 302.488 253.961 300.434 
-1579.29 181.736 85.8591 190.041 199.658 85.0543 151.371 306.218 193.475 308.791 240.456 118.867 175.036 232.808 175.465 216.161 190.231 306.079 103.085 109.244 303.836 302.014 254.714 299.693 
-1586.99 181.131 84.4256 191.462 197.477 84.4006 150.573 304.821 192.714 310.247 240.546 118.988 176.063 232.614 176.964 217.103 191.346 307.537 102.089 108.526 305.926 302.522 254.979 300.326 
-1595.34 182.726 85.9939 192.677 199.272 82.4 150.962 305.153 193.325 311.824 239.749 119.045 176.44 232.388 175.189 216.697 190.696 306.015 102.422 109.35 306.132 303.954 254.22 299.522 
-1603.85 183.974 85.3052 190.255 200.506 80.7603 150.535 304.371 193.565 312.892 241.021 119.953 176.611 231.045 175.404 215.147 189.222 304.255 103.106 108.864 307.075 303.668 255.345 300.079 
-1610.54 184.128 84.5815 188.649 199.18 81.5039 151.038 305.868 193.331 311.692 240.425 118.793 177.019 232.386 173.405 214.902 188.94 303.151 104.935 108.062 307.719 302.972 256.256 298.935 
-1619.08 183.446 87.0283 189.988 198.117 82.2749 150.429 304.417 194.697 312.152 239.562 119.104 176.551 234.419 172.069 215.652 188.763 304.033 105.862 107.191 306.549 304.012 255.868 300.25 
-1624.68 183.279 88.4236 190.838 198.75 83.4864 151.122 305.367 193.739 311.672 239.645 119.373 176.486 233.556 170.935 215.966 187.385 301.412 104.193 106.66 304.512 305.137 256.241 299.247 
-1634.68 181.511 87.2846 189.771 198.043 84.6426 150.545 303.559 194.737 309.904 241.506 118.881 176.237 232.531 171.474 215.039 189.46 302.949 104.251 107.093 305.973 305.042 257.034 298.126 
-1644.12 181.057 89.3935 188.513 197.186 85.8367 150.883 304.942 195.364 311.809 240.689 119.957 175.836 232.522 173.397 216.469 189.083 303.146 105.012 107.512 306.901 305.686 256.14 297.594 
-1650.62 180.411 89.1631 187.475 197.877 87.9036 152.021 303.183 196.78 311.977 238.901 120.002 175.149 232.052 172.677 216.723 188.628 304.591 105.473 107.38 308.289 305.52 255.23 296.998 
-1656.55 179.493 91.6675 188.544 198.588 89.1448 151.262 302.675 196.076 311.663 240.204 119.539 174.696 231.917 174.827 218.214 188.041 303.183 104.709 108.947 308.101 304.962 254.224 299.193 
-1665.11 178.595 89.9958 187.38 199.384 87.7358 150.817 302.403 196.729 309.915 238.237 119.338 174.263 232.626 172.272 216.629 187.422 301.533 104.019 108.918 307.301 305.773 252.614 298.631 
-1672.4 177.747 92.496 186.774 199.974 87.8386 150.817 302.314 196.773 310.565 238.211 120.487 176.101 233.922 173.065 214.743 186.156 302.082 105.688 108.221 305.931 307.467 251.853 299.749 
-1680.1 178.205 94.7924 187.016 197.961 86.832 150.688 301.298 197.835 309.235 238.507 119.824 177.608 235.219 171.561 215.473 187.869 301.961 106.048 108.674 305.444 308.254 252.562 299.657 
-1685.68 178.74 97.0269 188.633 199.657 88.0974 151.096 299.824 197.818 310.731 237.679 119.61 177.728 237.158 173.07 214.603 188.54 301.849 104.816 109.38 306.618 306.967 253.122 297.753 
-1693.72 178.18 98.9331 187.527 199.616 87.6899 152.075 297.87 198.097 312.153 235.819 119.354 177.589 237.547 174.911 213.724 189.766 302.669 104.136 109.425 305.509 307.869 252.261 299.464 
-1699.84 179.3 98.9917 189.315 198.789 86.0948 151.042 299.617 198.217 313.453 235.788 119.564 176.98 237.806 172.661 215.485 190.206 302.081 105.957 108.963 307.025 307.529 251.697 300.497 
-1708.18 180.603 98.6412 190.581 199.121 85.1904 150.152 299.33 196.936 312.829 235.038 121.507 177.39 240.031 173.672 215.268 190.521 299.956 106.755 109.349 305.929 307.349 251.092 302.394 
-1715.49 180.079 100.27 189.576 200.54 86.8917 149.636 301.015 195.939 314.361 234.546 120.1 179.223 242 173.79 214.178 189.55 298.659 106.746 110.658 305.656 309.026 252.52 302.278 
-1720.81 179.517 102.243 190.597 200.677 84.9222 149.862 298.898 196.331 313.739 235.49 118.185 179.582 241.21 173.602 213.031 187.832 296.67 105.792 112.004 305.822 307.53 252.556 303.086 
-1727.76 179.38 103.288 188.854 200.684 83.0185 151.077 298.727 197.722 313.853 233.856 119.699 179.873 240.76 171.454 211.967 186.14 294.096 105.899 112.471 307.834 308.167 252.83 305.123 
-1735.39 180.487 103.766 188.261 199.404 82.8291 151.357 299.991 198.894 314.325 232.808 118.819 180.386 238.913 170.489 211.598 184.273 293.081 104.853 110.742 308.445 308.518 252.047 305.266 
-1745.18 180.374 103.664 188.312 197.781 82.6739 151.907 300.467 198.073 314.943 231.108 120.721 180.621 240.35 170.006 210.682 186.823 292.075 103.25 111.37 307.77 308.825 251.654 303.612 
-1753.2 179.723 102.587 188.976 196.6 81.9671 150.752 301.749 196.786 315.985 230.269 121.864 181.463 239.912 170.427 209.697 187.433 291.125 102.251 110.178 309.702 309.404 251.555 304.822 
-1760.05 180.412 103.497 189.465 195.414 81.4581 151.05 301.237 198.34 317.39 230.005 120.17 181.682 241.203 170.168 207.876 188.224 290.837 103.472 109.066 311.575 309.916 251.188 303.82 
-1765.18 181.675 103.348 188.55 193.571 83.2233 150.802 301.654 197.889 317.882 229.434 119.956 181.785 242.417 170.87 207.819 188.1 292.027 103.968 108.508 313.124 308.533 249.623 302.022 
-1773.98 182.757 103.708 190.917 192.972 82.8432 150.992 299.677 199.003 318.608 228.365 121.743 182.364 241.681 171.254 208.151 185.962 290.402 106.218 107.971 316.267 307.709 249.616 302.27 
-1783.63 182.784 103.98 189.132 192.436 84.8219 151.744 299.613 199.568 318.324 227.073 120.608 182.196 241.321 171.432 207.949 184.951 288.54 106.287 108.925 318.365 308.136 248.316 300.631 
-1791.96 183.187 102.619 190.639 191.228 82.8703 150.96 297.867 198.289 318.771 227.424 120.996 182.032 241.925 169.036 208.027 183.987 287.158 107.648 109.036 317.872 307.937 247.922 300.172 
-1799.77 183.698 101.071 189.737 191.014 81.8081 152.218 299.261 198.125 319.017 229.071 120.616 181.116 240.204 167.89 207.93 185.805 287.855 107.666 107.926 319.563 306.918 247.169 301.747 
-1806.58 181.985 100.778 187.991 189.858 81.8597 151.747 299.77 198.307 320.671 227.768 122.671 180.67 241.435 166.274 207.453 186.263 285.16 108.26 108.485 318.554 308.113 246.271 302.902 
-1814.12 181.39 101.924 189.022 190.39 82.0745 152.156 298.027 198.151 320.022 229.307 122.744 181.706 242.258 166.186 206.125 186.042 286.648 107.829 108.749 318.761 308.987 244.965 303.352 
-1819.45 180.946 103.434 188.504 192.044 83.7047 153.352 298.458 198.482 319.389 228.56 121.534 181.574 244.388 165.342 207.899 184.988 287.625 106.728 107.92 317.411 310.547 246.167 304.325 
-1827.81 181.06 102.649 187.633 192.94 84.3287 153.061 299.524 197.16 319.725 230.34 122.686 180.911 243.655 164.235 207.93 187.326 287.215 108.088 108.237 318.662 310.926 246.434 304.028 
-1833.91 181.761 103.74 185.78 192.972 85.1531 152.245 299.927 198.468 321.659 229.832 124.475 181.109 245.407 165.475 208.462 187.916 289.234 107.625 108.396 317.39 311.632 245.556 302.926 
-1840.88 182.601 104.808 184.57 193.617 86.707 151.503 298.481 199.741 321.19 229.679 121.335 180.208 243.833 167.912 209.111 187.214 291.422 107.209 107.559 316.518 311.658 246.417 302.396 
-1850.08 182.441 104.526 182.969 193.487 87.887 152.514 299.028 200.519 319.843 228.528 122.131 179.389 242.404 168.103 210.357 185.922 290.58 107.56 106.63 317.865 310.914 244.877 303.132 
-1859.96 182.103 105.764 184.13 190.7 88.2685 151.34 299.126 201.725 319.149 227.112 121.829 180.341 242.385 166.619 212.384 186.694 290.631 108.307 106.686 317.358 311.792 243.648 301.598 
-1865.46 182.226 105.918 184.812 191.452 86.4776 150.779 298.801 202.9 317.258 226.823 122.346 179.671 244.077 164.353 212.811 187.324 290.152 109.082 107.716 316.4 313.255 245.042 302.239 
-1874.9 182.945 106.73 183.822 192.229 86.1487 151.042 300.575 203.511 315.997 226.371 123.335 180.437 242.916 163.327 214.335 185.084 291.564 108.942 107.654 315.013 314.718 246.173 302.869 
-1882.9 181.614 106.734 184.112 192.861 87.0165 150.652 299.137 201.713 317.189 227.677 122.417 180.581 245.148 162.771 214.337 187.483 290.205 110.219 106.989 315.011 315.803 245.897 301.907 
-1888.88 182.785 105.654 185.539 193.471 87.5124 150.74 297.845 201.867 317.075 226.34 120.56 180.694 244.372 163.536 215.957 185.987 292.189 108.32 106.411 314.301 317.004 244.86 300.477 
-1898.69 181.869 104.442 185.808 194.323 89.0425 150.463 298.306 200.614 316.308 226.665 121.419 180.219 244.691 163.727 216.284 185.974 293.944 108.727 106.795 315.915 317.297 244.064 301.346 
-1906.19 181.753 104.195 186.946 193.368 89.3378 150.512 299.181 200.298 315.305 226.581 119.837 181.289 244.839 165.077 217.96 184.258 293.508 107.889 106.683 314.303 317.658 243.197 303.402 
-1916.04 181.461 103.808 185.32 191.375 88.6361 151.187 301.098 200.549 315.146 228.423 119.01 181.712 245.068 165.283 217.546 185.218 293.193 109.817 105.497 315.6 318.459 244.094 303.764 
-1921.63 180.72 105.759 187.125 189.844 89.902 151.913 299.489 200.302 314.136 229.007 117.867 182.665 246.45 166.55 218.08 186.951 292.583 109.646 105.344 317.021 318.159 244.007 302.883 
-1928.2 179.883 105.075 186.58 191.426 89.5265 153.157 299.571 199.47 312.707 227.629 116.862 184.37 247.519 165.26 217.607 188.17 293.126 110.775 104.044 317.557 317.096 243.44 303.707 
-1937.75 179.116 107.318 187.891 190.268 87.3629 152.765 300.484 199.902 312.546 227.209 116.653 184.697 249.642 166.857 219.207 188.645 294.531 109.081 102.596 318.615 317.593 243.18 301.914 
-1942.93 178.253 106.23 186.505 189.567 85.6024 152.564 302.681 199.267 314.154 226.132 115.215 185.526 250.844 168.441 219.29 187.603 295.959 107.106 100.791 319.125 317.244 243.052 300.691 
-1948.31 178.6 108.333 184.911 187.711 86.9651 152.801 303.003 199.969 313.681 226.665 115.489 185.445 250.359 167.105 220.253 189.359 296.86 107.238 100.755 318.876 318.949 243.569 300.398 
-1956.71 178.092 110.897 184.053 186.906 85.1102 154.181 303.051 199.429 313.695 227.278 113.461 185.116 249.163 168.479 220.076 190.067 297.265 106.562 99.658 318.997 319.414 244.494 299.951 
-1962.57 176.833 109.863 182.33 187.799 83.5632 154.544 304.146 200.253 314.353 228.684 113.227 184.186 249.819 167.931 219.743 190.913 298.844 105.498 98.4387 317.422 319.961 243.779 301.852 
-1969.96 175.702 111.502 183.104 187.268 81.4027 153.445 304.01 199.223 315.07 229.759 112.312 183.42 251.633 166.288 219.737 190.142 298.315 103.288 98.6307 318.982 320.33 242.876 300.492 
-1977.25 177.238 111.949 183.682 187.595 82.1752 152.956 304.474 197.924 316.358 228.652 111.587 182.494 250.953 166.623 221.294 189.808 300.941 102.058 97.7529 317.699 319.787 243.684 301.757 
-1985.44 175.905 112.737 181.561 186.227 82.7707 152.238 304.549 199.376 316.845 227.857 110.43 182.286 249.365 166.068 220.237 191.247 299.935 101.726 96.9561 317.442 320.053 242.241 301.304 
-1993.58 174.808 111.726 180.999 187.345 84.48 153.391 304.449 198.901 318.397 228.58 110.205 181.76 251.847 167.699 218.298 193.238 300.333 102.9 98.1342 316.43 319.152 241.781 301.243 
-1998.68 173.364 110.752 179.018 186.194 83.5065 154.963 303.628 198.33 316.912 228.741 110.665 181.466 251.564 166.521 219.563 193.157 299.34 102.154 97.6542 315.116 318.565 240.683 303.059 
-2004.88 172.928 112.355 180.753 186.418 84.9598 154.271 304.136 197.695 316.534 227.972 110.283 180.948 251.573 165.133 219.374 191.526 298.582 101.216 98.1666 314.192 318.782 242.461 302.919 
-2012.22 172.709 112.118 181.432 185.117 83.9959 154.098 304.012 198.983 317.533 226.266 110.479 179.966 252.375 163.945 219.81 193.105 298.45 102.778 97.0006 316.348 317.821 242.576 303.642 
-2022.03 172.858 112.176 181.24 183.411 84.1278 154.738 303.244 199.36 316.087 226.452 108.957 180.401 251.647 164.029 220.181 193.017 298.694 101.282 95.6744 315.533 318.194 243.122 301.241 
-2030.87 171.785 112.122 180.078 183.098 84.6103 155.935 302.601 199.307 315.817 226.425 108.428 180.277 251.382 163.742 219.649 193.782 298.901 98.7107 94.8461 317.188 316.341 244.623 299.005 
-2040.18 171.404 113.469 181.033 183.932 85.7864 155.865 302.55 199.113 317.604 225.916 109.464 179.762 251.108 162.717 220.375 192.465 300.537 99.0493 95.1616 317.339 316.051 244.505 301.19 
-2046.31 171.428 114.459 180.355 182.967 84.6556 156.383 303.696 200.703 318.432 227.041 107.066 178.857 252.614 162.354 220.642 194.967 302.287 96.8832 95.6697 316.695 316.495 244.431 300.651 
-2056.03 171.723 115.021 179.204 181.475 85.1013 157.305 303.533 198.936 318.044 228.979 105.146 178.465 254.111 163.47 221.425 195.82 301.631 96.6345 95.5836 315.277 318.07 245.744 302.089 
-2064.65 171.219 117.133 177.457 183.305 86.7599 157.546 302.256 197.624 318.51 229.778 103.275 179.025 254.833 162.994 220.918 195.703 299.494 95.9945 96.5264 316.679 317.26 244.863 300.988 
-2070.12 170.274 118.142 178.222 181.637 88.214 157.26 300.544 196.569 319.189 231.075 104.057 179.587 255.867 161.769 219.087 195.503 298.51 95.2901 96.8388 319.068 317.913 243.971 299.41 
-2076.47 171.397 120.147 177.064 180.162 89.8387 157.006 299.151 198.101 318.935 229.594 103.81 180.718 254.256 162.041 218.8 194.503 297.67 96.1089 97.1454 318.933 318.869 242.866 299.174 
-2083.02 171.408 121.916 177.261 180.275 89.4449 157.88 298.04 197.952 317.422 230.707 102.526 180.136 253.357 162.961 218.496 195.841 298.561 95.6708 96.6938 316.632 319.526 243.25 300.232 
-2088.71 170 122.771 178.119 180.837 88.6947 156.508 296.971 198.948 317.511 230.475 103.7 181.539 253.429 160.906 218.255 194.413 298.352 95.174 96.2447 316.256 318.502 243.22 299.926 
-2096.43 169.142 124.293 176.395 181.89 90.2647 157.4 296.194 199.237 318.516 230.653 102.906 181.736 253.046 162.728 217.99 196.435 298.274 93.7797 96.6959 315.114 318.256 242.555 301.533 
-2104.23 168.153 126.019 174.559 182.321 90.7665 157.637 296.484 200.603 317.307 230.523 100.65 182.95 252.157 163.105 216.516 196.03 298.362 91.6841 95.93 315.91 319.15 242.565 301.862 
-2111.25 167.237 125.998 172.427 183.064 88.692 157.831 297.704 199.948 316.556 230.724 99.424 182.67 251.364 164.455 216.776 195.977 297.232 92.2855 94.6925 314.505 318.939 241.758 300.976 
-2120.4 167.442 126.155 173.124 182.313 87.0052 156.434 296.096 198.025 317.239 231.589 99.6546 182.673 253.506 165.24 215.665 197.749 297.051 91.4107 94.8067 315.542 318.114 242.807 302.656 
-2129.69 167.054 125.581 171.63 182.305 88.9788 156.303 297.465 196.829 318.167 231.994 99.2648 182.602 252.561 163.251 214.226 195.818 295.885 90.484 94.3077 317.052 316.712 242.814 304.323 
-2137.76 167.244 124.891 171.226 180.437 88.2089 156.066 298.797 196.178 319.93 231.322 98.2835 181.844 251.282 164.223 214.944 197.167 294.174 92.0324 94.7714 316.284 315.518 243.928 304.412 
-2146.74 167.564 123.414 172.361 181.998 89.3509 155.473 296.973 195.445 319.657 229.973 99.2878 181.712 251.514 162.458 216.764 195.082 293.357 90.343 96.2316 317.939 314.186 245.487 301.9 
-2153.87 167.264 124.667 173.378 182.713 90.4057 154.718 295.126 194.912 320.245 231.55 98.5624 180.801 250.399 163.912 216.796 194.58 294.749 89.033 96.1795 318.168 314.905 245.523 300.984 
-2159.39 167.276 124.143 172.298 184.094 90.3314 155.825 293.282 195.435 321.198 232.984 97.1536 180.282 249.235 165.578 217.126 197.108 297.584 88.763 96.7333 319.296 313.708 245.435 302.061 
-2168.29 166.639 123.972 172.041 185.443 89.427 156.197 294.516 193.701 322.394 233.747 95.9715 179.678 249.029 167.82 216.294 197.382 296.692 88.2727 96.4772 319.263 314.458 244.094 303.047 
-2177.91 166.021 123.687 171.784 185.394 89.0843 156.272 295.89 194.909 321.643 232.427 94.7786 180.139 248.37 165.969 217.643 197.897 296.003 88.0774 96.9138 319.987 315.272 245.541 302.791 
-2184.13 164.708 123.106 169.872 186.337 89.1027 155.777 295.074 194.74 320.426 234.006 94.3389 179.653 250.358 167.096 216.294 198.343 293.984 87.4339 95.7506 319.301 315.049 244.535 304.101 
-2192.4 163.968 123.181 171.932 187.666 89.995 155.715 294.684 192.662 318.987 234.255 95.3276 180.156 251.809 164.646 216.542 196.42 293.336 87.5993 96.1758 319.276 314.348 244.919 305.541 
-2201.83 163.513 124.561 171.865 188.332 89.2949 154.59 295.096 193.234 319.461 234.806 94.0597 179.787 251.389 165.413 217.141 196.666 291.917 87.1158 96.4511 321.307 312.835 245.981 307.047 
-2211.17 163.621 123.128 171.752 189.403 88.8226 154.929 294.258 191.977 320.804 236.1 92.5084 179.051 250.065 166.765 217.337 197.779 292.816 86.4366 97.3808 319.041 314.059 246.313 307.623 
-2220.82 163.751 122.329 170.176 188.297 90.0193 156.227 293.776 193.181 322.212 235.345 92.3357 179.035 250.037 168.278 217.478 198.87 292.36 86.479 95.9566 319.063 315.137 245.208 306.1 
-2229.22 163.008 122.174 171.842 189.015 89.3725 155.539 293.135 192.715 323.274 236.038 91.2571 178.889 251.027 165.906 217.052 200.063 291.17 84.1428 96.752 319.161 315.046 246.888 307.668 
-2237.93 163.53 121.86 172.918 189.6 89.6518 156.443 292.326 191.32 324.886 237.121 90.4388 178.296 250.735 164.299 217.043 199.442 291.559 84.2909 97.6183 317.984 315.832 247.656 306.86 
-2244.72 162.475 122.951 172.843 188.645 87.6939 156.301 292.851 192.712 324.371 235.578 89.8802 178.145 249.096 165.548 215.76 200.25 291.255 81.5821 96.6954 317.039 315.102 247.795 305.17 
-2251.79 161.789 124.145 170.778 189.602 88.8907 157.656 291.933 193.311 323.879 235.805 88.6009 178.063 250.09 165.87 216.358 201.318 292.505 81.3046 97.4848 318.585 315.46 247.642 306.481 
-2260.65 160.675 126.071 172.008 188.102 87.8032 156.338 293.052 193.568 323.769 237.117 89.1968 178.715 249.539 166.043 215.447 203.503 292.441 80.9729 96.4676 318.074 315.227 247.26 306.506 
-2270.2 160.466 127.838 173.904 189.227 86.7594 155.984 293.258 192.01 323.537 237.797 90.4746 178.561 249.248 165.89 217.435 204.583 292.385 80.6417 95.811 318.831 315.329 248.135 306.382 
-2276.23 160.911 128.779 172.185 189.263 88.3479 155.104 292.686 190.598 322.59 238.291 89.3181 179.397 250.755 166.062 217 206.497 291.028 79.0931 96.3889 317.891 315.951 248.995 304.548 
-2282.53 160.284 127.531 173.791 190.043 87.8232 153.991 293.058 188.445 322.583 239.575 87.4267 179.392 251.862 167.262 216.182 208.499 292.936 77.1822 95.674 319.566 316.111 248.911 302.75 
-2287.72 159.15 129.026 173.663 188.499 86.6166 153.43 294.093 188.589 323.014 238.129 88.243 180.517 253.434 167.367 216.801 208.387 294.624 78.5407 95.5304 318.985 316.35 248.751 302.911 
-2292.8 160.3 128.204 176.04 188.029 88.0449 152.691 293.031 188.228 321.657 238.995 87.7199 180.161 252.098 165.858 217.741 206.834 295.241 76.619 96.2619 319.56 317.25 249.407 301.093 
-2299.06 158.893 128.093 175.158 189.053 87.3625 154.277 292.673 188.979 322.409 237.48 88.088 179.326 252.718 166.052 217.333 208.535 294.281 77.179 96.1745 318.121 316.758 250.28 300.795 
-2304.5 158.804 127.205 173.152 189.881 87.4299 154.857 292.878 188.971 321.736 238.567 88.4471 180.248 254.675 166.192 215.918 209.07 293.972 76.0442 96.1477 317.902 316.549 250.277 299.745 
-2311.29 159.008 129.822 170.445 188.657 87.6207 155.028 291.847 188.248 322.771 238.164 86.3103 180.676 253.681 166.982 215.499 209.236 294.974 76.92 97.2213 320.261 316.143 250.324 300.389 
-2316.59 158.647 130.87 169.693 189.393 89.1576 155.629 293.054 188.841 322.48 240.218 85.9709 180.412 252.639 165.912 215.246 209.827 295.041 77.5975 97.5583 319.878 314.973 249.839 300.859 
-2324.51 158.428 132.625 169.997 187.762 91.0192 154.339 293.443 189.152 323.547 238.611 86.5376 180.272 255.078 167.484 217.139 210.869 297.096 79.3751 97.2468 320.331 313.926 250.142 299.041 
-2332.01 158.38 134.108 170.903 186.96 92.9834 154.81 294.205 190.533 325.078 237.387 86.6981 181.06 255.459 169.068 216.853 210.362 296.02 81.065 96.4125 322.719 312.541 250.859 297.716 
-2337.33 158.207 134.332 168.383 184.689 94.7738 156.417 293.699 188.714 325.532 237.539 84.4883 181.169 256.902 167.697 218.072 209.573 294.935 79.9745 95.1181 323.427 311.695 251.343 298.722 
-2345.54 158.034 134.524 167.735 182.985 92.1643 157.411 294.23 189.12 324.637 236.36 84.48 181.815 255.202 165.346 218.65 207.285 295.031 80.1059 94.474 324.195 310.958 251.331 297.434 
-2350.92 158.907 134.156 170.537 183.63 93.7218 157.36 294.525 188.828 325.326 236.877 85.1239 181.68 257.91 164.862 219.011 208.548 293.716 80.5692 95.6774 326.139 311.393 251.868 297.45 
-2356.75 159.182 135.329 169.734 183.901 91.6771 156.916 293.522 187.914 324.907 237.794 83.8781 182.254 259.535 162.313 220.231 210.407 292.624 80.5211 95.9178 324.826 312.267 252.791 296.243 
-2363.88 159.416 137.753 170.699 182.015 91.817 157.413 292.387 188.573 323.747 239.219 82.7054 182.541 258.191 162.835 218.991 209.571 293.525 78.6354 95.7315 323.499 312.161 252.125 295.355 
-2370.49 158.932 135.529 171.959 181.112 93.2086 156.059 293.56 189.006 322.911 238.008 81.0756 183.542 258.81 161.147 218.215 208.539 291.993 79.532 95.6004 323.294 313.722 252.988 294.071 
-2376.07 157.681 136.782 173.066 179.275 93.9189 154.926 292.03 187.568 323.893 237.905 81.0701 184.635 260.619 159.346 217.752 209.447 291.995 78.3681 94.6059 323.609 312.616 254.398 293.94 
-2383.99 157.783 133.738 172.624 180.199 93.7559 155.811 291.612 184.384 325.136 236.468 79.6127 184.51 260.542 158.893 217.085 209.881 292.681 77.6721 94.3921 321.472 312.088 252.626 293.902 
-2393.69 158.322 135.482 174.348 178.838 94.5775 156.187 291.117 185.134 327.083 237.805 78.3415 185.063 259.163 159.537 216.257 210.362 291.464 77.8867 94.3505 320.953 312.935 252.135 294.872 
-2399.18 156.993 133.349 172.303 179.886 92.3768 156.549 289.718 184.271 327.13 236.582 78.2701 185.986 257.767 159.284 215.8 211.622 289.777 76.6589 94.5551 319.231 313.084 250.776 294.829 
-2404.26 157.368 132.613 172.017 178.648 91.6968 156.278 289.066 183.795 325.42 235.197 77.4442 186.049 258.591 156.85 216.592 212.349 288.841 75.9224 95.0216 318.751 312.8 250.696 295.116 
-2413.88 157.478 133.664 172.425 180.534 90.0988 155.805 290.876 182.807 326.821 236.926 76.1965 186.348 259.445 155.671 215.84 212.686 288.221 76.5323 95.0346 318.963 312.666 252.959 296.156 
-2422.4 157.937 132.537 174.329 181.191 89.3443 154.005 290.372 182.897 327.499 237.228 77.0227 186.196 260.944 156.376 216.856 212.659 288.216 76.1453 95.3956 319.497 312.734 253.01 297.531 
-2427.65 158.55 133.094 175.07 181.844 88.8335 153.676 291.616 181.702 326.942 236.53 76.3396 186.551 258.85 158.471 216.458 212.734 289.819 76.5853 93.9936 319.574 312.308 251.368 298.613 
-2434.34 158.616 132.195 176.02 179.818 88.4385 153.181 293.423 182.006 326.293 236.808 77.2036 187.971 257.445 157.64 216.782 213.618 287.656 76.243 93.0596 319.2 311.58 250.106 297.101 
-2444.11 157.76 131.597 177.758 179.765 89.5704 152.243 293.882 180.655 326.094 237.611 77.6618 189.511 258.59 158.239 216.11 214.624 287.589 77.613 95.0971 320.485 312.115 250.122 296.374 
-2453.46 157.066 131.687 177.782 179.979 90.8646 152.808 292.566 181.068 326.279 236.821 78.3844 189.573 258.977 159.513 217.085 214.687 288.946 77.4607 95.9708 321.742 312.051 250.869 295.24 
-2458.59 157.62 132.81 176.549 179.346 91.7791 152.895 292.169 180.894 325.237 235.256 77.6744 188.7 259.438 158.431 218.182 213.908 288.943 77.2452 94.3669 320.814 312.955 251.886 295.601 
-2464.93 157.163 133.624 175.499 178.395 91.2322 153.976 293.069 180.949 325.505 235.069 77.0589 188.919 258.476 157.694 219.37 213.061 290.83 77.2611 93.9088 319.584 312.731 251.554 297.043 
-2470.61 156.919 134.592 176.776 177.714 91.8025 154.573 293.531 182.894 325.297 235.484 76.6712 188.89 258.895 158.524 218.945 213.304 292.23 74.8811 92.8094 317.567 313.363 251.273 296.962 
-2478.02 156.931 135.728 174.616 178.193 91.3686 154.158 294.522 181.914 326.154 235.833 77.9484 189.716 259.87 157.662 219.425 215.716 292.338 73.9664 92.7887 315.846 313.554 251.379 298.026 
-2484.14 156.384 134.035 176.609 179.039 90.7574 152.323 296.312 181.39 327.114 234.391 79.3273 189.02 258.56 155.823 220.05 216.707 291.472 72.7153 93.124 314.008 315.875 251.055 299.754 
-2493.64 155.246 135.016 178.085 178.73 88.3375 150.898 295.582 181.914 326.372 232.65 81.201 189.139 258.769 153.292 220.535 217.448 289.8 71.468 93.0556 314.824 315.49 250.631 299.587 
-2498.94 156.589 135.386 177.258 179.464 89.0639 151.121 295.926 181.361 326.469 231.103 81.21 188.752 257.502 153.999 219.002 218.095 291.955 70.3549 91.7225 314.144 314.915 251.586 298.038 
-2504.56 156.169 135.105 178.522 177.913 90.2289 150.307 295.082 181.864 326.337 229.303 81.0761 188.215 256.581 152.805 219.347 215.747 290.656 68.8545 91.6552 313.226 313.738 251.504 296.903 
-2511.25 156.007 133.076 177.004 176.959 90.2249 150.475 296.664 181.821 327.211 228.59 82.7558 187.933 257.697 150.642 218.655 214.273 290.154 70.1135 92.3753 314.796 314.771 251.302 297.573 
-2517.64 155.535 133.95 177.988 177.189 90.861 149.756 297.945 182.47 326.849 227.309 82.4092 188.801 259.233 151.354 217.977 216.426 291.06 68.5752 92.4866 313.03 314.924 251.03 299.252 
-2523.38 154.777 134.714 178.846 177.345 92.2034 149.268 297.693 183.619 326.294 229.042 82.1267 189.592 260.145 152.86 217.612 216.478 291.635 68.6013 93.3287 313.663 314.563 251.464 297.819 
-2530.22 154.981 134.649 178.946 177.298 91.115 150.634 299.337 184.568 326.145 226.567 81.5596 189.974 256.747 152.602 217.773 217.249 293.001 67.3701 93.1633 313.278 314.236 251.257 298.554 
-2538.11 155.364 133.769 177.848 176.04 90.2714 151.359 298.168 183.894 327.338 224.95 83.6035 190.631 256.655 153.309 216.45 215.151 293.388 65.8005 91.3119 313.528 314.139 250.527 299.838 
-2544.65 155.629 133.228 179.13 177.434 88.4463 151.296 297.466 182.284 325.996 222.74 84.376 190.116 256.549 154.492 216.852 216.339 293.674 64.025 91.9024 311.986 313.132 249.836 299.873 
-2550.54 154.198 131.042 179.186 179.259 90.0961 151.103 297.213 182.712 326.821 221.994 84.7631 189.184 257.766 154.788 217.269 218.063 292.761 65.9824 92.6793 310.518 312.648 250.303 299.963 
-2560.12 153.752 131.623 178.519 177.49 89.3215 152.462 297.522 183.112 326.546 220.623 83.8293 190.168 258.141 154.96 216.125 220.252 293.688 65.7528 91.2316 309.757 313.414 248.898 299.665 
-2565.48 154.216 132.302 180.218 175.614 87.1529 151.814 298.887 181.488 328.297 224.893 81.7495 190.565 258.018 154.781 217.934 222.381 292.729 64.7795 91.7215 310.813 313.419 247.922 300.773 
-2573.35 155.073 131.54 179.074 176.175 88.148 151.414 298.91 181.259 327.023 224.499 83.9064 190.491 255.81 153.23 217.422 220.14 292.203 64.5787 92.3879 309.572 313.098 246.711 302.508 
-2581 153.659 131.726 179.191 175.493 86.3043 150.512 300.263 179.9 325.823 223.803 82.8536 191.231 256.632 153.172 216.687 221.792 293.379 64.0189 92.5147 307.833 314.697 247.243 304.008 
-2586.58 154.946 130.655 179.098 176.696 87.3801 150.66 300.583 179.121 326.97 225.766 82.8358 192.164 256.281 155.497 217.636 221.229 293.096 65.1867 91.8262 306.767 316.671 248.039 305.396 
-2593.49 154.039 131.049 178.384 176.405 87.5082 151.583 299.969 178.438 325.474 226.676 82.9838 191.356 254.477 154.798 218.579 220.697 292.576 65.143 91.1356 306.73 315.909 248.513 304.357 
-2602.56 153.971 132.073 178.255 174.905 87.6299 151.509 300.825 179.551 326.558 228.298 81.2616 192.283 253.458 153.22 218.366 220.128 293.865 65.9755 90.7901 305.447 317.3 248.519 306.408 
-2611.22 154.237 131.621 178.002 172.786 87.2239 151.255 300.287 180.284 326.971 227.698 82.5487 192.017 252.397 152.602 219.795 219.734 292.445 64.3629 90.5798 303.502 316.654 248.757 306.891 
-2620.17 153.491 131.056 177.605 174.358 88.8505 150.86 300.843 179.353 326.228 226.751 83.1389 191.308 251.125 151.16 219.405 217.977 293.086 65.4188 91.3744 302.122 317.571 248.712 307.037 
-2627.5 152.6 131.625 177.78 174.115 90.6456 151.18 300.469 180.894 325.398 226.187 82.5039 191.759 250.448 150.557 220.277 216.931 291.572 66.9377 91.2674 302.58 316.543 250.108 306.331 
-2633 152.279 132.174 176.758 172.652 89.0435 152.14 300.867 179.607 323.967 227.971 82.9633 191.194 251.096 150.904 222.38 216.919 290.965 67.4594 92.0468 304.127 315.733 250.488 307.715 
-2640.66 153.18 129.832 178.131 171.569 90.8764 152.18 301.349 179.066 323.515 229.155 82.3226 191.066 250.045 151.361 223.026 216.517 289.856 66.4497 92.0973 305.336 316.317 249.014 306.225 
-2646 152.86 128.816 178.718 172.435 91.682 150.849 302.298 179.777 322.994 228.007 83.4945 190.114 249.444 152.872 224.331 217.862 291.999 66.5259 91.7827 305.763 315.487 249.006 305.905 
-2651.13 152.275 128.796 177.707 170.642 90.3299 151.841 302.523 180.181 324.217 227.933 83.5972 189.648 250.281 150.879 224.027 218.677 290.784 64.5815 90.6596 307.388 315.912 249.382 304.938 
-2656.64 153.198 130.246 176.229 171.482 91.9136 152.867 300.981 179.045 323.175 226.863 82.7003 190.085 251.047 152.257 223.954 219.747 291.226 65.8755 91.4103 308.104 315.885 249.976 304.698 
-2664.17 153.583 129.876 176.662 171.59 92.1658 152.72 301.464 178.977 322.001 228.95 81.2664 190.291 252.512 150.855 226.232 220.834 290.737 67.1041 91.7566 306.832 316.22 251.16 303.261 
-2672.11 153.13 129.432 175.72 171.335 89.8392 152.363 300.292 179.329 320.244 231.417 82.1901 190.352 252.89 148.912 226.514 221.956 289.593 67.2209 91.2472 307.787 317.213 252.112 303.946 
-2678.78 152.81 127.941 178.331 171.461 89.9788 153.04 299.752 177.1 320.384 230.235 81.6966 190.543 252.19 149.312 227.974 223 289.893 66.5117 89.6654 306.515 318.429 251.282 302.705 
-2684.91 152.131 125.42 177.141 170.993 90.6465 154.607 301.317 176.397 319.646 232.232 81.9701 189.545 251.369 147.028 226.81 223.539 287.827 67.0979 89.6811 307.791 318.874 250.972 301.775 
-2692.07 152.655 124.48 178.023 171.797 91.887 154.14 299.076 175.216 319.289 232.017 83.3415 190.085 252.481 144.962 228.576 222.041 289.023 65.9526 90.1011 309.1 318.112 252.093 301.659 
-2697.99 153.187 125.88 178.257 170.67 90.1211 153.9 299.728 176.815 319.922 232.897 81.8138 190.418 251.137 146.189 227.676 222.244 290.092 65.184 88.864 310.156 319.5 250.994 303.389 
-2704.28 152.934 127.391 178.703 169.6 89.1665 153.8 299.196 178.187 319.442 233.071 82.7219 191.02 248.894 147.31 226.982 222.898 289.139 65.1879 88.7856 308.302 320.137 249.265 303.348 
-2713.04 152.039 128.624 177.95 168.309 88.2554 154.801 299.177 177.094 317.959 234.19 82.2836 192.649 248.937 145.174 226.286 224.766 290.289 66.3266 89.2408 308.325 318.966 247.923 303.968 
-2722.63 151.523 128.299 176.729 166.679 87.1466 154.702 299.312 177.842 319.854 235.463 82.0047 193.182 247.657 145.294 225.008 225.422 290.166 67.5646 87.6789 307.788 320.919 247.485 303.906 
-2732.11 151.67 128.699 178.729 166.434 88.0616 154.99 298.504 177.381 319.48 237.32 81.372 193.414 249.12 143.948 225.82 225.42 289.006 68.2725 86.9848 308.049 321.827 246.381 305.368 
-2738.03 150.448 127.752 178.846 164.975 88.8554 154.474 297.739 178.15 317.812 239.479 80.3155 192.966 248.679 143.537 225.361 224.439 290.366 69.0823 87.2642 305.418 321.861 244.752 306.177 
-2746.41 150.222 126.992 180.439 166.904 88.7553 155.242 297.767 177.028 318.609 239.895 79.4044 192.335 248.758 144.666 225.301 224.667 289.354 68.5312 87.6254 306.525 320.504 244.775 305.74 
-2751.81 148.654 126.9 179.469 167.707 89.4021 153.973 298.968 178.212 318.14 240.723 78.9096 192.987 248.087 144.901 224.533 225.667 290.823 68.0433 88.8555 304.184 320.805 245.22 306.799 
-2758.86 148.688 126.622 178.544 168.697 88.4496 153.511 298.689 176.637 320.053 241.347 79.8455 193.755 246.74 146.803 224.402 226.441 292.496 67.2183 87.8651 304.771 321.587 245.599 304.894 
-2766.46 147.89 125.688 177.389 169.201 87.9138 153.553 300.578 176.146 318.939 240.515 80.1894 193.251 247.463 147.183 225.958 226.555 291.761 69.0538 87.0148 304.947 321.068 247.195 303.726 
-2772.9 148.65 124.856 178.863 169.381 89.1246 152.109 301.553 175.647 319.523 242.105 80.275 192.829 247.346 145.425 227.461 228.592 293.712 68.9387 87.7706 303.586 321.103 248.065 306.012 
-2781.86 149.448 126.852 180.48 169.899 88.4465 150.999 300.911 174.798 320.438 243.684 80.1548 192.683 246.542 146.288 227.281 226.483 292.848 67.0655 89.4084 303.908 321.794 247.657 308.048 
-2789.6 149.148 125.461 180.664 168.277 88.4649 150.002 301.843 175.444 321.612 243.23 78.3676 192.907 247.257 144.622 227.979 226.976 292.539 67.7263 89.8211 304.474 322.549 247.975 309.164 
-2794.64 150.594 125.839 180.559 168.661 88.5676 149.606 301.657 174.587 323.05 245.369 78.4416 192.086 246.896 143.585 228.364 225.762 290.751 68.164 90.6993 303.185 323.824 247.293 309.761 
-2800.38 150.79 126.62 182.556 169.989 89.847 149.514 302.144 173.608 323.214 246.956 78.6594 192.168 247.095 144.789 229.412 225.536 291.098 68.5041 90.8359 304.482 323.769 247.996 311.709 
-2807.46 150.559 124.462 181.625 170.355 87.7841 149.41 302.965 172.948 324.105 246.477 78.5208 192.996 245.516 142.813 229.933 224.765 292.159 66.9073 90.1977 304.208 324.473 248.465 309.823 
-2813.77 150.347 125.33 181.961 169.277 87.5788 149.684 302.903 173.666 324.712 246.266 79.3266 193.582 244.118 141.996 229.197 224.863 293.948 67.6775 90.4825 305.718 322.982 247.805 310.942 
-2821.83 149.715 124.166 184.436 169.564 88.1583 148.786 303.084 173.168 323.892 246.836 80.3407 194.532 242.809 143.215 231.56 225.744 295.187 70.125 91.047 306.799 322.012 248.358 309.764 
-2828.46 150.105 124.604 184.979 170.529 89.8965 149.934 301.731 173.883 324.175 248.752 80.7854 194.756 242.777 144.872 231.292 225.5 296.088 68.1063 90.4898 305.583 323.008 247.725 308.938 
-2835.62 148.952 123.109 185.409 170.808 90.8858 149.598 300.633 172.353 323.499 246.62 79.748 195.203 242.086 145.984 231.836 224.818 297.964 66.531 91.0578 304.461 321.904 248.793 308.785 
-2843.8 148.102 121.69 186.708 171.287 89.9681 148.588 301.694 172.617 324.227 246.925 77.9487 195.646 242.74 146.509 231.643 226.531 297.289 68.3335 91.2752 304.716 323.049 247.749 307.177 
-2851.71 147.575 122.684 185.542 171.503 88.7296 148.102 301.625 171.188 323.546 248.097 77.2878 195.605 243.666 147.408 230.826 228.383 295.85 68.8149 90.5031 304.195 323.779 248.967 307.97 
-2861.17 147.042 120.745 187.658 171.406 89.0551 146.851 300.408 171.259 322.747 248.114 77.3219 196.325 241.919 148.155 230.457 226.749 295.014 67.0079 91.4191 301.945 323.944 249.56 307.011 
-2867.98 147.045 119.203 188.544 173.595 88.388 145.864 301.579 171.772 321.723 247.385 76.6614 196.446 243.02 145.814 231.209 226.542 294.77 67.1192 93.1268 301.872 323.576 251.561 307.195 
-2874.99 146.912 119.561 187.791 174.716 88.9585 144.945 302.499 169.616 322.489 246.924 77.9877 196.919 243.906 144.278 231.231 227.119 294.821 66.3889 91.9714 302.22 322.329 251.43 308.533 
-2880.36 146.737 117.865 186.617 175.386 87.7536 144.335 302.113 169.249 323.756 246.118 79.8375 196.555 242 142.437 230.845 227.418 295.167 68.1407 92.7336 303.364 321.562 250.339 307.395 
-2888.19 146.617 117.085 187.967 175.749 87.4553 144.131 301.967 169.899 324.492 245.553 79.9083 197.381 239.845 143.73 229.881 225.789 295.681 66.6573 92.2609 303.555 321.422 250.521 306.345 
-2894.03 146.454 114.907 188.693 175.303 85.9341 143.518 303.174 168.582 324.683 244.257 81.2569 197.832 240.91 142.22 230.821 223.533 295.374 67.096 93.0742 304.937 320.177 251.448 305.499 
-2903.19 146.255 114.738 189.393 176.37 87.1551 142.143 301.724 166.526 323.097 244.083 80.3199 198.296 240.264 143.951 229.277 224.913 294.561 68.1155 94.1764 304.33 319.276 251.553 304.491 
-2908.74 144.413 113.731 189.788 177.108 85.9145 142.838 302.053 166.365 324.071 245.755 78.4814 199.183 239.196 143.435 230.18 224.189 296.09 68.1106 94.631 305.263 318.645 252.649 306.061 
-2914.16 144.085 114.738 190.962 175.221 86.9764 142.563 303.757 167.876 324.993 246.977 78.0333 199.503 237.874 145.23 229.461 222.988 295.83 67.1786 93.8279 305.772 317.982 250.984 305.863 
-2923.73 142.933 113.121 191.089 173.552 85.5932 141.993 302.993 168.238 325.258 248.406 78.8204 199.762 236.335 145.357 229.561 224.992 295.616 67.6262 93.0011 307.069 318.704 251.162 305.416 
-2930.39 142.431 111.48 190.688 175.169 84.7609 142.523 302.504 167.175 324.065 248.57 79.6135 199.487 235.361 143.481 230.507 226.158 293.827 67.7001 93.0816 307.68 318.834 250.02 304.924 
-2938.04 142.446 111.436 192.351 175.878 83.4124 142.041 303.12 165.859 324.04 248.073 81.2339 199.088 236.585 143.546 230.872 225.553 296.058 68.5649 92.1223 306.42 319.817 249.386 304.675 
-2945.88 141.549 110.423 190.675 175.361 82.6968 142.171 304.561 165.239 324.097 246.45 82.9578 198.35 237.999 145.052 232.288 224.835 295.801 70.2677 91.3554 306.595 318.691 251.504 306.152 
-2954.96 141.042 109.681 192.293 174.088 81.3314 140.796 305.156 165.484 321.967 246.225 84.2966 198.821 237.841 143.331 233.223 223.708 294.376 69.5421 92.1218 305.437 318.423 252.504 306.244 
-2964.22 140.944 107.99 194.829 174.359 81.2659 140.075 306.408 164.405 322.202 244.619 83.5962 197.816 237.133 143.08 233.814 223.481 293.394 69.5788 93.7179 305.003 317.363 252.603 305.054 
-2971.68 140.969 108.07 193.67 173.416 82.48 139.981 306.915 164.007 322.795 244.761 83.2464 198.485 237.811 141.793 233.937 222.089 294.724 70.457 94.0525 303.992 317.44 254.389 304.07 
-2978.06 139.924 107 192.537 173.648 81.4928 139.599 308.134 162.249 320.894 244.295 83.9473 198.482 236.456 142.053 233.746 223.461 294.737 70.6346 93.0356 302.988 317.962 253.47 305.334 
-2986.07 139.69 107.772 192.245 172.81 79.2467 139.028 310.084 163.989 322.831 243.222 85.0631 198.855 237.146 143.062 235.111 223.57 293.995 70.5161 93.3705 302.457 318.801 254.324 305.46 
-2994.94 140.867 109.18 190.829 172.511 77.7514 138.267 309.611 164.486 323.356 241.891 84.0408 199.087 236.439 140.834 234.189 224.305 293.764 71.6489 94.0609 301.338 319.21 253.51 306.025 
-3000.84 141.755 111.152 192.468 173.574 77.5621 137.349 308.085 163.749 323.231 242.949 83.3555 200.606 236.785 141.164 235.36 225.737 293.016 73.2383 95.4818 301.354 319.858 253.673 307.294 
-3010.67 140.756 111.981 192.352 172.643 78.7538 137.057 309.382 162.861 323.133 242.22 84.3269 201.455 237.201 142.459 235.331 225.691 291.421 74.2833 94.8076 301.749 319.591 252.003 307.89 
-3015.69 140.56 110.246 191.747 173.863 79.43 136.111 309.42 161.133 323.691 243.307 83.2795 201.875 239.143 141.835 234.902 226.47 292.496 72.2453 95.5793 299.402 320.216 251.508 308.936 
-3022.56 141.027 111.943 191.838 173.869 78.7599 134.963 310.81 161.94 324.565 245.025 83.1905 202.394 237.159 143.482 235.045 227.833 291.773 70.8404 97.3912 299.173 319.843 251.331 311.47 
-3030.8 139.787 112.927 193.38 172.541 79.6163 135.341 312.266 161.484 322.972 242.659 84.4333 201.932 235.077 143.283 235.947 226.35 292.57 73.0404 97.957 299.827 319.643 250.858 311.605 
-3037.87 138.561 111.51 196.153 171.065 80.7759 134.093 311.019 160.502 321.235 241.919 85.7131 202.071 233.477 143.253 238.479 225.695 291.395 71.8988 97.2498 299.642 320.399 250.545 311.206 
-3044.63 137.674 112.188 196.453 171.96 79.6883 134.697 309.77 159.747 321.441 240.817 86.285 201.947 232.322 143.555 239.258 226.252 292.843 72.5928 96.4335 297.731 319.797 249.603 309.952 
-3054.04 136.722 112.218 195.826 169.762 78.4321 135.739 309.805 160.955 321.423 239.581 87.18 201.358 231.783 142.52 239.532 225.334 292.649 74.394 96.7213 298.728 320.145 249.875 311.662 
-3061.11 137.446 111.394 195.941 169.059 76.8182 136.056 312.448 159.996 321.389 238.947 86.9624 202.358 229.858 143.227 239.229 225.813 292.64 75.1854 95.1672 298.564 319.654 248.568 312.358 
-3070.87 137.046 109.628 197.966 169.135 75.5849 134.264 312.424 159.05 322.164 239.714 87.3616 202.795 231.135 144.146 241.198 226.349 292.753 74.5065 95.5225 296.682 319.933 249.909 311.941 
-3077.49 137.442 109.136 197.53 168.392 74.1916 134.392 312.898 159.148 322.194 241.152 86.9711 203.226 228.386 141.51 240.051 227.329 293.711 73.7624 94.4505 297.749 321.278 250.541 311.716 
-3087.33 137.163 110.649 197.975 166.861 74.7505 135.701 314.439 158.395 323.891 242.692 87.1691 202.691 227.39 142.303 241.808 227.495 294.683 73.5557 93.8198 298.613 320.166 251.543 314.359 
-3096.42 137.92 109.116 199.01 166.052 76.1146 134.48 314.084 156.484 324.144 241.789 87.4406 202.228 227.845 141.287 242.668 226.915 293.363 72.9696 94.4428 296.779 319.5 252.878 312.633 
-3104.95 137.467 109.826 199.672 165.25 75.0349 134.959 312.341 155.014 324.574 241.13 89.2021 202.218 226.642 140.941 241.725 227.858 294.741 72.1728 93.534 298.385 318.204 252.747 311.255 
-3113.87 137.944 111.154 201.229 164.58 74.0125 135.096 311.573 155.746 326.281 241.801 90.5129 201.878 226.524 141.978 240.714 229.268 293.875 72.3087 93.0836 296.938 318.939 253.103 310.302 
-3123.61 138.601 109.549 201.636 163.861 72.4708 135.697 311.141 154.367 325.826 240.201 89.5215 201.63 226.52 140.436 240.671 228.456 293.153 73.8406 93.2154 298.559 318.158 252.65 309.478 
-3130.94 139.13 108.234 204.022 161.874 72.8257 135.131 310.12 153.01 325.552 241.395 88.9759 202.767 227.162 138.358 241.09 227.589 291.076 74.1296 92.4449 300.946 317.763 251.247 309.211 
-3138.31 138.501 108.799 204.808 162.038 71.3686 134.855 310.25 155.168 325.99 242.206 89.5568 203.041 225.838 142.014 241.631 227.786 290.729 75.0345 92.9906 302.334 318.543 253.088 310.714 
-3146.24 138.776 108.202 204.591 161.997 73.0553 135.647 308.866 155.544 326.899 242.464 90.5269 202.573 225.594 143.027 241.422 227.871 289.625 77.0277 94.0601 301.684 319.336 251.952 309.372 
-3155.97 138.491 107.52 204.588 161.597 73.1338 137.066 308.789 156.784 326.128 241.333 91.5951 202.898 222.666 143.773 241.233 226.25 289.581 77.6907 93.5962 300.502 319.689 251.017 308.815 
-3162.27 138.473 105.088 204.583 161.634 74.4882 136.653 306.904 155.798 325.33 240.376 93.2805 202.635 221.5 141.866 241.047 223.863 289.435 79.3202 93.1491 300.887 320.043 252.16 309.052 
-3167.65 137.474 105.015 203.74 160.606 72.5772 137.021 307.072 157.106 325.587 241.975 93.0983 202.475 221.945 142.214 241.02 223.923 291.262 77.1444 93.3506 299.84 320.646 251.24 308.927 
-3177.48 136.951 103.477 205.119 161.904 70.6743 138.055 306.738 158.052 325.76 242.41 92.847 202.212 221.195 143.753 239.142 223.614 292.847 77.326 92.934 301.176 320.72 250.18 307.666 
-3186.52 136.574 103.891 206.359 162.288 72.0093 137.088 306.415 157.199 325.546 242.379 92.1505 202.396 221.971 144.148 239.925 223.842 292.242 79.5583 93.7057 301.198 319.798 250.843 309.211 
-3193.51 135.753 102.518 206.477 162.887 73.5389 136.844 307.908 157.785 326.914 241.823 91.926 203.154 222.844 143.792 240.77 224.458 293.074 80.4171 93.641 302.339 320.074 249.392 310.474 
-3199.3 135.147 102.643 206.394 163.597 72.0622 137.505 309.578 158.814 327.733 244.316 91.439 201.965 222.842 142.776 240.288 226.417 291.793 79.1386 94.2126 301.829 320.327 250.816 311.222 
-3206.46 135.397 104.203 205.622 163.489 71.138 138.204 311.276 158.592 328.171 245.54 92.1159 202.591 222.058 144.392 238.911 227.168 293.162 79.6672 94.4864 301.259 321.314 249.871 310.069 
-3214.17 134.446 103.538 206.611 161.536 69.5686 137.678 312.141 158.016 329.133 247.014 92.9193 202.364 220.163 145.265 240.173 227.877 293.536 81.6227 93.5742 300.655 323.12 249.39 309.07 
-3221.6 134.03 103.847 207.882 160.902 69.6206 137.757 312.148 160.158 328.334 246.726 94.2355 203.474 219.063 145.531 241.452 228.167 294.09 82.1921 94.1135 300.639 322.781 250.938 310.111 
-3229.82 132.954 102.724 209.558 159.717 71.449 137.311 312.115 160.076 327.728 244.563 94.1264 203.832 217.938 144.734 240.163 227.401 293.61 82.6603 95.0659 301.085 323.069 251.079 310.005 
-3237.56 132.394 104.293 208.176 158.854 72.5121 138.842 310.791 160.148 328.224 245.259 93.053 204.984 219.507 143.452 240.062 227.912 291.096 81.6966 94.2041 298.929 322.829 252.86 310.011 
-3247.11 131.954 104.257 209.676 158.7 70.3595 137.594 310.552 159.351 329.42 245.393 93.2736 203.899 218.35 144.587 239.628 228.936 290.765 80.4126 95.4058 300.238 322.78 253.391 310.544 
-3253.76 132.643 102.745 211.11 159.521 70.6388 137.099 309.381 159.492 329.001 245.886 93.7456 204.482 218.463 143.141 240.649 228.919 290.141 80.9256 94.7671 300.659 321.851 253.941 309.11 
-3259.39 133.014 100.834 212.577 159.463 68.5333 137.444 308.774 157.335 327.539 245.897 93.7671 204.379 219.092 140.774 240.517 229.293 288.684 81.9141 94.6659 299.382 323.247 254.558 308.195 
-3267.75 133.116 99.8211 214.331 160.059 66.499 135.842 310.115 157.676 327.424 246.31 94.7469 203.991 217.366 140.685 242.409 230.226 290.631 82.0232 94.0165 298.121 324.445 254.967 307.049 
-3273.02 133.307 99.0285 216.846 160.088 64.0442 135.033 308.784 157.885 327.464 245.245 96.2388 203.08 218.181 140.183 242.25 228.1 291.982 83.049 94.5847 296.669 324.177 255.583 307.016 
-3281.11 133.853 99.9193 217.255 161.698 63.4969 135.705 307.522 157.136 327.475 245.432 96.8441 202.784 217.813 138.519 244.519 228.128 293.248 82.729 95.5657 295.017 324.54 257.29 306.063 
-3289.51 133.943 98.0044 215.921 161.031 65.0361 136.421 306.976 156.502 328.286 246.438 95.5245 202.047 217.423 138.266 244.689 227.194 292.116 82.3311 95.4465 295.64 325.504 257.649 307.517 
-3297.67 133.381 97.5382 215.511 160.272 65.3043 136.803 308.52 155.744 328.918 245.663 95.052 201.715 218.702 140.75 244.424 226.962 293.104 81.6645 95.0052 294.452 325.968 259.133 307.765 
-3303.31 132.591 96.9213 216.884 161.721 66.2486 137.245 307.083 155.039 327.645 247.216 92.8686 201.805 218.539 142.237 245.032 226.793 293.94 81.3851 94.6792 293.239 326.552 260.246 307.57 
-3312.73 132.834 97.4561 218.671 160.665 66.158 136.999 308.099 153.817 328.513 248.358 94.2035 201.486 218.405 140.739 245.582 224.831 292.412 83.3306 95.3402 293.529 326.14 261.272 309.018 
-3320.32 132.361 96.4692 219.808 159.651 65.2548 137.088 308.347 154.519 327.451 247.076 95.4726 200.993 217.862 140.81 247.31 225.77 292.862 82.2728 95.2353 291.444 327.623 262.143 307.37 
-3329.61 133.083 95.2041 217.594 158.963 66.3854 136.67 309.061 153.431 327.522 246.989 94.3321 200.594 217.422 141.244 246.734 227.454 295.051 80.0501 93.9339 292.655 328.282 261.587 305.075 
-3337.52 134.263 93.8476 216.704 159 66.9106 136.142 308.785 155.039 326.859 246.54 93.7932 199.498 216.313 142.12 247.137 227.276 294.304 80.4273 94.9746 291.383 329.28 262.877 302.825 
-3346.41 132.729 93.3567 216.702 158.725 66.9398 135.995 309.487 156.8 326.861 245.678 92.2826 199.748 218.737 143.543 246.365 226.449 296.228 79.8327 95.5188 291.048 328.49 263.318 301.686 
-3354.46 132.788 94.2375 217.183 160.312 67.1348 136.004 309.602 156.272 328.379 246.397 92.3511 200.196 217.306 144.332 245.959 227.595 297.392 81.6679 96.0799 293.067 328.535 265.087 301.613 
-3363.48 133.32 93.5781 219.522 159.611 69.0443 134.828 309.485 157.272 328.243 245.446 93.7015 199.82 217.399 146.307 247.77 228.575 297.443 80.7557 96.2011 292.415 328.534 265.199 300.871 
-3370.44 133.129 91.9863 217.961 160.995 68.1049 136.281 311.157 156.574 329.55 243.399 94.1946 200.185 217.41 148.377 246.031 227.039 298.921 78.3908 96.9009 293.342 327.756 265.759 300.517 
-3375.45 133.939 93.3825 215.92 161.807 66.4981 136.548 312.597 156.914 330.321 242.766 94.4223 200.598 215.949 147.705 247.163 226.287 298.229 79.5011 98.0074 291.92 329.436 266.155 302.887 
-3380.74 134.418 92.0253 213.858 162.095 64.3316 135.586 314.38 155.65 329.2 244.115 96.2422 200.166 218.325 145.261 247.239 225.171 296.003 78.9907 98.4782 293.039 329.727 266.642 303.757 
-3387.5 134.239 92.3102 211.697 162.607 65.5631 135.781 314.23 156.612 330.014 244.402 94.6122 199.723 217.497 144.143 245.978 225.067 297.104 79.6063 97.3458 290.974 330.961 266.25 302.562 
-3394.87 134.097 94.0683 211.862 163.325 63.535 135.629 314.681 156.633 329.008 245.752 96.2204 199.906 218.77 144.8 246.689 223.964 298.553 79.8635 98.1397 292.741 331.767 267.816 302.175 
-3404.83 134.455 95.3619 212.924 163.386 62.202 135.227 314.658 157.652 328.415 245.133 96.4317 199.213 218.829 144.449 246.466 225.252 300.048 80.3314 98.4778 291.931 331.936 268.889 301.347 
-3410.94 135.127 95.0442 214.641 163.27 63.3093 134.488 313.252 158.933 328.889 246.527 96.5738 199.747 220.857 145.995 248.302 225.427 301.056 82.4503 100.071 292.101 333.121 269.448 300.597 
-3420.75 136.056 95.9979 213.766 162.185 64.35 136.935 311.982 158.826 329.373 246.982 95.0457 200.036 221.551 144.948 248.492 225.188 302.179 83.2384 100.022 290.924 334.013 269.712 300.174 
-3430.38 136.967 95.6619 215.139 162.697 62.7158 137.347 313.889 160.125 328.872 248.628 95.6524 199.845 221.724 146.568 248.287 223.993 303.949 84.657 99.4364 292.364 335.151 269.623 299.322 
-3439.64 137.148 97.331 214.317 162.295 61.6476 137.496 312.651 161.779 330.076 249.862 96.2284 200.729 220.376 147.631 247.575 224.13 304.298 83.8753 98.6058 291.115 336.318 269.263 299.721 
-3448.69 136.652 99.0192 215.532 163.464 64.7462 137.272 310.67 162.774 329.961 251.618 96.1363 200.887 222.777 146.277 248.28 224.164 306.479 84.8539 99.3842 290.286 336.701 271.411 300.875 
-3458.63 135.647 99.106 216.716 164.967 65.1571 138.106 310.192 163.543 329.41 250.52 97.3659 200.024 223.969 147.945 248.342 225.361 307.862 83.8237 98.8875 290.205 335.086 273.337 300.712 
-3467.46 136.062 98.8376 217.801 165.071 66.0172 139.264 309.555 162.111 330.519 249.904 95.94 199.079 224.225 146.674 247.916 223.454 309.321 83.0826 98.3432 289.458 335.278 274.416 300.957 
-3472.47 136.228 99.7957 218.345 163.347 67.559 137.977 309.393 164.266 331.919 250.708 97.2109 198.521 223.889 147.514 248.832 222.368 311.713 85.2036 98.5969 290.981 334.062 273.861 301.341 
-3479.16 135.763 99.7146 219.44 162.338 68.2983 139.481 308.724 163.448 332.217 248.385 99.0386 198.911 223.986 149.606 249.942 221.088 312.092 86.6392 97.771 289.389 334.72 273.037 300.845 
-3486 135.3 101.35 220.851 161.285 69.714 139.465 308.698 162.948 331.677 248.969 98.6094 198.246 223.193 150.845 251.591 223.32 313.958 85.7083 96.8426 288.836 335.429 273.102 302.152 
-3491.14 135.084 99.8286 219.707 162.464 71.1911 139.879 308.841 162.298 331.774 248.294 98.4031 197.82 222.497 151.029 252.313 222.419 313.16 83.495 96.0922 288.734 334.343 274.52 301.202 
-3499.86 135.417 98.6486 219.528 162.203 71.2201 140.399 307.036 162.295 330.569 246.986 99.2574 197.252 221.658 149.519 248.619 221.822 313.686 82.0592 95.3275 287.754 333.441 275.736 300.192 
-3506.74 134.821 100.492 218.111 163.317 72.4982 141.028 305.422 161.481 330.131 245.335 101.035 197.935 223.321 150.066 249.637 223.389 314.219 82.007 94.7056 288.922 332.437 275.796 298.869 
-3511.83 135.533 98.2193 220.064 161.814 70.7647 140.985 305.161 160.3 328.749 246.333 101.551 197.198 224.03 149.472 251.152 222.332 315.301 83.1751 95.1341 288.03 333.996 276.456 297.6 
-3519.95 136.137 99.8684 218.939 161.285 71.9778 141.666 304.168 160.444 330.2 247.292 102.794 196.201 223.548 149.166 250.531 221.802 314.446 84.119 95.0791 287.025 334.616 277.039 299.784 
-3526.77 135.06 98.9703 217.735 162.177 71.9977 141.44 303.782 160.052 329.123 248.204 102.867 195.269 225.615 146.102 248.506 222.564 312.039 84.9065 94.9212 287.422 334.971 276.017 300.101 
-3533.23 134.29 98.7796 218.492 163.175 72.5074 141.241 303.652 161.501 330.676 247.798 101.998 196.689 226.134 147.325 247.64 222.837 314.313 85.2241 94.9318 288.112 335.587 275.222 300.053 
-3539.38 135.214 100.569 217.065 163.884 74.6241 142.391 303.089 161.091 331.226 249.94 101.33 196.32 225.039 149.033 246.418 221.115 314.819 85.7202 95.9775 286.036 334.588 274.663 300.131 
-3549.09 133.723 98.5761 214.399 163.374 75.9682 142.087 302.603 162.851 332.358 248.517 101.622 197.186 224.056 148.12 246.438 221.959 313.737 84.5638 95.1345 284.97 336.355 274.315 300.672 
-3558.48 134.002 99.7602 213.801 164.575 75.5758 143.652 302.595 163.651 332.049 250.41 101.073 197.431 223.787 148.494 246.528 221.239 315.152 85.8105 94.4932 284.305 336.22 273.58 299.76 
-3565.79 132.785 97.6843 211.844 165.089 76.4596 144.978 303.073 163.47 330.823 251.782 101.285 196.968 225.532 148.169 244.835 223.921 313.554 86.9673 95.0037 283.929 337.781 273.489 301.105 
-3574.95 131.742 98.4929 211.207 164.953 75.3268 144.609 303.567 164.013 331.686 251.717 100.332 197.463 224.446 147.365 244.63 222.776 312.023 86.9437 94.5852 281.509 338.372 272.796 301.525 
-3583.33 131.166 95.9883 210.272 166.009 73.6585 144.51 302.512 165.173 330.287 250.574 102.238 197.309 224.342 145.65 243.616 220.798 310.977 85.7235 95.5258 283.716 336.916 272.057 299.957 
-3588.74 131.328 97.1124 211.154 167.317 73.1156 144.09 303.271 164.628 329.323 250.357 103.528 196.746 225.601 146.316 244.535 220.558 310.966 87.6238 95.6519 282.456 337.373 272.177 301 
-3598.17 130.706 95.3148 210.445 166.84 74.5272 142.953 302.6 164.837 327.663 250.519 103.818 196.95 224.968 145.033 243.495 220.846 310.478 87.9849 96.2855 284.04 336.301 273.393 300.386 
-3606.06 130.316 95.4279 210.699 166.373 74.7679 143.789 302.966 165.021 326.868 251.325 103.161 196.636 227.072 143.423 243.226 222.56 311.409 85.893 96.0743 284.373 334.716 274.083 300.7 
-3613.56 130.356 97.4059 208.632 165.785 75.5662 144.226 302.572 164.156 328.269 253.23 101.323 196.956 228.409 143.584 240.821 221.41 309.303 87.1348 96.9548 284.113 335.348 273.646 299.904 
-3622.22 130.236 96.2557 208.827 166.006 74.9013 144.016 301.344 164.237 329.495 254.547 100.267 196.863 228.847 143.949 238.783 221.469 307.55 86.1553 96.3271 284.105 336.865 272.36 299.332 
-3631.06 129.366 95.7933 207.984 165.911 75.3241 144.396 302.212 163.859 329.075 253.511 100.981 197.85 229.682 144.595 237.749 222.963 306.652 86.2099 96.7953 283.293 336.562 272.661 299.614 
-3637.03 128.283 94.1792 208.34 167.592 77.2624 143.217 303.144 163.848 327.387 254.061 101.182 197.809 231.212 143.393 236.192 222.279 304.773 86.7118 98.1782 284.875 337.08 273.785 300.602 
-3645.73 126.711 93.3006 207.835 168.044 76.6948 144.393 302.104 164.484 327.538 254.915 102.115 198.069 231.693 141.698 234.835 222.379 304.897 87.5301 97.0622 283.055 338.557 273.85 299.778 
-3651 128.348 93.9721 209.078 169.24 78.7913 144.696 301.359 163.836 328.411 255.732 101.332 199.51 232.339 140.959 234.413 221.597 303.746 87.3387 98.0332 283.646 339.358 274.331 299.85 
-3656.4 128.976 92.0416 208.823 170.164 79.7222 143.474 302.692 164.074 327.154 257.166 101.894 199.008 231.536 139.266 234.158 219.337 304.69 88.6316 99.3428 281.974 338.786 275.619 298.802 
-3665.11 129.083 92.2274 209.689 169.919 80.821 142.985 303.974 164.526 328.311 258.621 103.238 198.983 233.716 138.161 234.363 221.892 304.594 90.8222 99.5997 282.215 339.498 276.159 298.823 
-3670.18 129.356 90.4853 210.419 167.725 79.7344 143.435 304.097 165.234 328.074 257.001 102.384 199.192 232.931 139.164 234.384 221.755 304.447 88.2732 100.047 281.193 340.368 275.354 298.706 
-3680.15 130.198 89.3014 208.862 166.758 78.4634 142.892 304.723 165.455 329.098 258.504 101.614 197.674 231.877 140.236 233.535 221.149 305.588 86.5302 100.371 278.977 341.64 275.493 298.704 
-3687.3 129.935 88.1503 209.923 166.314 76.9529 144.129 305.971 164.174 328.713 259.081 99.8515 197.827 233.397 138.309 233.1 222.462 305.229 87.6182 101.304 279.628 342.086 276.225 296.917 
-3696.98 130.732 88.2939 210.815 167.388 77.5797 142.326 304.503 164.408 328.28 260.286 100.687 197.947 235.155 140.058 231.851 224.307 306.935 88.5927 101.778 278.106 342.544 275.355 296.401 
-3703.43 131.023 90.1376 210.926 167.081 77.9878 141.274 305.393 166.358 329.777 258.987 101.868 198.409 236.376 142.269 232.173 223.822 307.382 87.9207 102.986 278.936 340.832 274.808 297.106 
-3711.74 131.445 89.147 212.737 168.668 80.5294 141.646 304.451 166.292 329.576 260.147 103.33 197.941 238.23 142.216 230.425 223.281 306.471 89.161 103.658 279.979 339.918 276.091 297.137 
-3716.98 131.376 87.5111 210.54 168.823 83.0233 143.338 303.143 163.843 328.19 258.529 104.741 197.379 237.371 144.081 230.774 222.455 307.087 90.1959 102.739 280.634 338.277 276.723 296.295 
-3726.13 131.745 87.7133 210.675 167.943 83.3769 143.252 303.504 165.853 327.774 259.542 103.884 197.507 238.989 145.508 232.075 223.368 306.265 92.3798 103.344 279.626 339.388 278.517 297.119 
-3731.97 131.521 88.4148 208.891 169.241 82.7562 144.782 303.217 166.4 328.745 261.005 103.774 197.913 237.595 145.121 229.82 222.4 305.6 90.7571 104.792 277.972 340.912 278.69 298.244 
-3739.32 132.229 86.7533 207.688 169.755 84.1525 144.121 304.337 165.248 329.56 261.815 103.577 197.43 237.827 146.873 230.008 224.376 306.667 92.0968 105.276 277.815 342.007 278.378 299.606 
-3748.4 131.958 84.8174 208.07 169.772 84.8233 144.932 305.97 165.091 331.115 260.88 104.579 197.637 238.615 146.905 228.637 222.07 305.804 90.7237 104.378 277.94 342.298 278.814 301.758 
-3758.15 132.216 85.0499 207.102 168.059 85.3253 144.203 305.963 165.984 332.1 258.473 105.129 198.536 240.143 146.242 226.236 221.974 304.947 91.582 103.138 278.858 341.845 277.907 301.826 
-3766.45 131.782 84.6704 205.58 169.934 86.2671 145.153 307.553 167.059 331.519 259.581 104.219 198.371 241.322 146.329 225.538 222.98 305.225 90.7738 104.258 279.999 341.919 278.65 299.887 
-3774.67 132.413 84.9083 204.293 171.225 88.4587 144.183 305.87 166.845 332.623 258.727 103.352 198.724 240.71 146.836 224.467 220.392 303.427 90.9287 105.402 280.521 341.722 280.035 297.72 
-3783.13 132.693 84.2347 205.984 172.434 89.3659 142.767 305.604 168.471 333.95 259.117 103.24 198.964 241.684 145.541 223.381 220.228 305.193 89.994 106.612 282.446 340.611 281.55 297.753 
-3792.4 133.443 82.9248 207.236 172.825 88.1769 143.961 307.92 168.655 333.999 257.875 103.528 199.62 241.513 146.033 223.628 219.265 306.964 90.3108 105.399 282.381 339.156 281.935 296.991 
-3801.94 133.589 83.9435 205.024 170.262 87.0674 143.739 308.544 168.691 333.727 259.756 103.788 200.535 240.419 147.211 223.644 221.284 307.688 89.8875 104.313 282.751 338.651 281.073 297.178 
-3809.84 133.851 83.7289 204.768 169.137 88.0324 144.337 309.825 168.345 333.23 257.764 104.533 201.255 239.888 149.012 223.293 222.291 309.152 87.8984 103.745 283.02 338.758 282.082 295.433 
-3815.68 134.724 84.6571 204.585 167.917 89.1903 143.345 310.388 169.942 335.241 256.775 103.614 201.607 238.998 151.049 221.426 223.074 309.771 85.442 103.357 281.798 338.531 283.854 294.043 
-3821.87 135.502 86.5266 204.241 168.225 87.4665 142.519 310.075 171.652 336.547 256.68 101.728 202.434 239.061 151.247 221.702 223.013 312.459 86.1804 103.28 282.11 337.289 284.764 294.808 
-3827.45 135.367 85.7258 202.889 167.713 86.8857 144.538 309.919 169.922 335.13 258.551 102.2 202.256 240.806 150.079 222.458 225.042 310.254 85.7469 103.9 283.221 335.208 284.398 295.253 
-3835.3 136.297 85.286 203.872 166.397 86.6859 143.819 308.821 168.17 335.053 258.434 101.612 202.267 241.247 149.635 221.643 224.114 311.801 83.7567 104.058 282.115 335.788 284.627 293.034 
-3843.63 137.698 85.4682 204.329 165.448 87.3894 143.951 307.098 167.194 335.721 260.286 101.908 201.333 240.753 149.836 222.406 225.412 312.979 83.836 103.36 280.873 335.328 283.51 292.75 
-3851.93 138.039 87.143 204.955 166.235 88.6477 143.854 307.798 168.889 335.595 258.943 101.518 202.403 240.106 149.552 222.541 225.691 315.841 83.324 104.081 280.367 336.432 284.87 291.004 
-3860.5 137.829 86.169 202.744 167.448 87.8798 144.669 308.78 169.893 336.174 258.186 100.907 203.06 239.55 149.725 221.163 226.335 314.563 80.5008 103.721 280.777 337.459 285.676 292.511 
-3869.78 137.661 86.3605 200.779 165.622 86.9724 145.359 309.214 169.026 335.359 260.231 100.564 203.547 239.692 150.474 221.492 226.129 316.078 79.5396 103.73 279.531 337.022 286.357 293.469 
-3877.09 138.166 86.3685 199.579 166.541 87.2407 146.48 310.347 167.88 336.858 258.922 100.363 204.144 240.176 152.07 220.899 226.302 318.201 77.3499 102.405 279.196 337.688 285.902 293.869 
-3883.5 138.54 85.1811 197.193 165.766 86.3591 147.547 311.047 166.817 338.056 257.052 100.378 203.187 240.395 152.988 219.154 225.686 316.993 76.7951 101.394 278.363 336.645 287.628 294.778 
-3891.31 138.071 82.9078 195.048 165.601 86.4938 149.128 310.785 166.795 339.06 255.854 99.3516 202.927 240.242 153.691 218.437 225.953 319.066 76.0905 100.872 277.233 335.683 287.692 295.303 
-3899.94 137.482 82.3841 192.895 166.01 85.8792 149.942 311.346 166.07 338.495 255.232 99.7003 202.383 240.756 153.452 217.794 227.056 319.51 75.105 99.6106 276.298 334.734 286.753 294.527 
-3906.34 138.292 82.074 194.368 165.216 84.52 149.921 312.062 165.154 338.234 253.738 101.077 202.362 241.589 154.956 216.985 227.044 320.418 75.6719 99.7118 274.583 334.892 286.989 294.352 
-3916.33 138.988 80.0275 195.499 163.48 83.8851 148.925 312.815 163.659 337.784 252.911 102.609 202.887 242.601 153.592 217.465 226.501 320.077 77.527 99.8452 275.888 333.676 288.032 295.007 
-3925.22 140.078 80.8096 193.889 162.977 84.9141 150.269 312.212 164.274 336.867 251.766 102.21 202.937 242.912 153.314 217.975 226.932 318.103 78.951 99.9955 275.675 332.013 288.144 294.822 
-3931.5 138.994 80.7739 191.968 163.156 87.0164 151.878 310.955 163.279 335.601 251.958 103.22 203.114 245.582 153.215 218.147 225.737 318.638 77.6557 99.7783 276.634 330.236 288.378 295.497 
-3940.66 138.997 80.0762 191.162 163.941 87.9324 151.698 310.403 161.817 335.452 252.936 101.953 203.033 245.43 154.221 216.586 225.786 319.435 76.032 99.1152 276.78 329.095 288.693 294.557 
-3947.19 139.553 80.873 192.294 163.676 89.1406 150.151 310.461 163.343 335.425 254.783 100.32 203.646 246.908 154.618 217.491 227.764 318.63 77.0763 100.206 276.82 329.94 290.342 293.789 
-3952.36 139.846 79.5182 191.066 162.752 87.5943 150.722 309.998 161.29 334.959 254.596 100.83 202.361 248.395 155.504 216.857 228.541 318.804 77.6026 98.722 275.959 328.752 291.581 292.716 
-3959.47 140.677 79.4275 189.746 164.505 87.8459 150.082 311.167 162.495 334.144 256 102.027 202.163 247.857 155.779 216.92 230.898 320.685 79.3613 100.588 276.306 329.782 292.386 290.573 
-3967.57 141.507 80.5659 188.841 165.072 89.7999 151.173 311.09 162.092 335.345 257.475 103.421 202.964 248.135 154.776 217.46 229.012 320.279 81.1506 100.668 275.861 329.483 293.31 292.944 
-3973.57 141.407 80.5698 187.702 165.176 92.04 150.99 312.14 162.031 334.105 258.557 103.383 203.648 249.028 154.267 216.344 228.245 320.859 82.2133 100.539 277.14 328.522 293.706 292.73 
-3982.67 140.86 82.3149 185.952 163.9 91.1121 150.494 312.803 163.387 333.667 259.533 102.127 203.787 249.733 154.2 215.764 227.128 321.225 80.736 101.203 278.059 326.786 294.549 292.567 
-3990.21 141.894 83.9114 184.714 164.466 90.5092 150.87 314.474 162.84 334.889 258.549 102.134 204.347 249.499 155.543 216.926 227.838 322.005 78.6116 101.232 278.637 327.125 294.886 293.252 
-3999.45 142.767 85.5852 184.323 163.414 89.5257 150.497 315.239 162.457 335.299 259.311 102.183 203.713 248.142 157.093 216.741 227.717 322.07 78.5816 100.203 277.998 327.51 294.114 293.816 
-4009.05 141.907 86.9757 185.476 161.019 89.4683 149.003 313.831 164.329 336.132 260.61 100.142 203.391 246.216 157.857 215.186 228.283 322.998 79.0671 100.615 278.651 325.776 295.513 293.156 
-4017.08 142.409 86.3937 185.781 161.938 89.1007 148.924 313.991 163.817 336.528 259.412 102.111 203.847 246.693 156.762 215.633 227.866 320.779 79.4611 100.944 277.229 325.1 295.256 294.568 
-4023.81 142.455 85.9009 183.989 161.103 87.285 150.034 315.196 163.162 337.093 257.661 102.337 204.498 245.82 157.767 212.901 226.324 319.744 77.1937 99.9807 275.636 325.186 294.188 293.384 
-4033.76 142.627 84.9655 181.236 160.806 86.8561 150.399 316.099 164.259 335.257 256.28 102.91 205.207 246.105 155.797 212.847 225.736 321.449 79.1106 101.279 275.394 326.2 294.02 295.081 
-4042.15 143.178 85.5428 183.494 160.744 87.7002 150.581 317.572 164.081 334.591 255.57 102.793 206.3 245.375 155.478 213.427 225.712 322.407 78.8286 101.095 274.505 325.099 294.088 293.474 
-4047.83 141.753 84.0685 184.706 158.723 88.5842 149.767 316.537 165.438 334.294 256.156 103.723 206.185 243.877 154.611 212.039 226.618 320.577 77.967 101.464 274.287 325.38 294.042 293.077 
-4055.09 141.466 85.0766 185.989 158.828 88.4065 150.424 317.735 166.587 333.067 256.399 105.137 206.654 242.498 154.165 211.053 226.24 320.284 76.4492 101.605 275.105 324.678 292.899 292.592 
-4060.43 141.769 86.3477 184.379 158.163 88.6292 149.801 316.41 166.893 333.11 255.838 107.115 207.223 242.075 153.371 209.506 225.779 320.109 74.9711 102.628 274.981 325.851 292.415 291.927 
-4067.43 142.107 88.1484 185.463 156.41 88.3964 149.651 317.137 168.637 332.009 255.284 107.706 208.144 243.606 152.502 207.807 226.471 320.03 75.3687 101.476 274.871 326.782 294.06 290.224 
-4075.46 143.382 90.2075 183.925 156.004 89.701 149.045 315.798 168.577 331.189 254.324 108.983 209.601 244.202 151.369 206.966 226.075 321.241 75.1561 100.193 274.727 326.347 294.674 288.985 
-4081.62 142.411 90.5427 182.312 154.157 91.8008 150.394 314.743 167.4 332.703 254.076 108.33 210.141 243.95 153.837 206.583 224.875 320.635 76.5984 100.696 273.368 326.232 293.56 288.714 
-4087.34 141.189 89.3532 182.322 153.847 91.2224 149.955 313.737 168.197 330.264 252.439 109.47 209.39 244.731 151.553 206.489 223.889 320.928 74.7818 101.445 273.928 326.169 292.088 287.676 
-4097.06 142.722 90.4579 183.61 154.584 90.1799 149.885 314.537 167.842 329.385 254.41 109.642 209.986 244.518 152.616 205.112 223.472 321.717 73.965 100.94 273.243 327.449 292.427 288.027 
-4106.1 142.946 91.1219 181.845 154.947 90.8325 149.321 313.497 169.29 330.396 253.706 108.91 210.178 244.105 155.238 204.439 222.322 323.878 71.5047 100.225 273.768 328.748 293.71 286.182 
-4114.44 144.207 90.9977 181.816 154.621 91.9631 149.277 312.293 169.983 329.812 252.787 109.915 208.915 243.651 154.341 203.939 221.653 325.923 71.7364 100.992 271.972 328.288 294.182 286.631 
-4122.29 144.739 91.7113 181.683 156.03 91.7599 149.178 312.704 169.037 329.056 255.002 110.043 209.128 244.289 154.685 204.773 223.014 326.066 70.287 100.667 270.419 328.402 295.256 286.757 
-4130.6 144.599 93.4998 181.202 155.771 92.7668 148.615 312.134 167.794 328.059 254.164 109.18 209.266 245.658 154.085 204.072 224.258 326.373 69.9865 100.378 271.715 327.138 297.07 285.001 
-4140.22 145.214 92.6063 179.167 155.188 94.1484 148.205 311.671 167.964 326.846 254.737 109.813 210.14 245.689 154.998 202.622 224.897 324.877 69.0169 101.421 271.448 327.018 297.997 282.943 
-4146.97 144.707 92.5594 178.022 155.507 93.8566 148.045 311.129 169.039 326.29 256.381 109.499 209.36 245.218 154.53 202.437 225.852 323.608 66.953 102.269 272.311 327.084 298.15 281.074 
-4152.71 145.235 92.0461 176.823 154.142 94.1184 148.964 312.428 168.326 326.618 256.359 110.065 208.53 244.011 154.762 202.315 226.315 324.01 68.2635 102.227 273.997 327.235 298.019 281.781 
-4159.62 146.542 93.2015 176.242 153.662 96.3615 147.413 312.734 169.035 325.055 255.755 111.675 208.238 243.233 156.142 202.277 225.671 324.269 68.8363 102.578 272.236 327.365 298.57 281.045 
-4166.33 145.39 95.354 174.519 153.343 95.2854 147.279 312.521 168.448 326.215 257.297 110.528 208.237 244.555 158.252 203.006 228.187 326.833 70.2525 103.181 271.115 328.365 297.89 282.19 
-4172.47 145.208 95.0568 174.822 155.021 94.1122 146.437 313.386 169.685 327.406 256.316 109.657 208.846 245.109 157.686 202.072 228.519 326.873 70.9661 102.905 271.153 326.882 299.559 280.062 
-4179.82 144.891 97.5487 174.515 152.97 93.4641 147.484 312.893 170.691 328.345 257.209 109.832 210.091 243.507 158.279 201.791 230.061 326.887 71.6714 102.055 272.255 327.117 299.825 280.814 
-4188.83 145.516 99.5294 174.446 151.281 92.798 148.686 314.608 170.193 327.991 258.681 108.903 210.914 245.879 158.681 203.146 230.179 326.315 72.7973 102.721 270.743 326.494 302.285 282.587 
-4195.27 145.473 99.1194 172.382 151.656 92.9143 148.999 314.712 168.569 329.379 258.756 109.969 210.402 245.549 156.719 202.339 230.506 326.398 70.8859 102.379 269.52 326.595 301.482 281.039 
-4202.85 145.421 100.626 171.736 149.661 91.168 148.149 314.594 169.736 330.726 259.176 110.694 210.656 246.722 155.975 202.364 229.528 325.581 71.1216 102.982 270.209 327.011 301.807 280.758 
-4212.62 146.163 99.237 170.285 150.725 93.6817 148.933 315.551 167.834 330.882 257.997 109.654 210.864 245.602 155.103 199.875 229.958 326.839 70.589 103.893 268.943 326.322 301.733 281.378 
-4219.68 144.857 100.666 169.411 151.279 95.6442 147.928 316.388 170.259 332.503 259.297 109.328 211.294 245.292 156.222 198.727 227.84 328.657 72.2728 103.498 267.327 326.592 301.308 283.738 
-4227.24 145.037 98.9737 167.279 152.212 94.8614 149.108 316.349 171.111 331.789 258.294 110.273 211.281 246.45 154.243 198.955 228.423 327.834 73.9526 103.483 265.312 327.132 300.248 284.121 
-4234.04 144.672 99.4555 168.199 150.774 93.7174 148.142 316.455 169.894 330.959 257.465 109.589 211.545 248.453 152.421 201.943 226.488 326.901 75.6469 102.11 264.375 328.495 299.788 285.579 
-4241.57 146.224 98.6027 167.393 151.408 92.8082 147.292 316.197 168.594 329.542 259.748 109.075 211.626 248.982 152.989 202.997 226.862 327.609 77.4152 101.103 264.878 328.601 298.667 285.832 
-4250.19 147.014 98.6952 166.1 151.157 94.1815 147.249 316.287 167.604 330.428 258.343 109.326 212.773 248.769 155.232 203.867 227.469 326.133 75.8376 100.168 266.925 329.102 298.36 283.984 
-4258.39 148.224 99.296 164.266 149.31 93.3759 147.666 315.068 166.556 329.271 256.534 108.408 212.678 247.051 155.777 202.655 225.858 325.495 76.377 99.1194 266.756 328.384 299.554 282.164 
-4267.72 148.551 97.9504 167.65 148.988 92.7303 145.735 315.109 166.825 330.305 255.986 107.493 212.294 245.716 158.36 202.653 224.995 325.637 74.6553 98.4089 268.658 327.973 299.916 282.906 
-4276.91 148.264 97.7196 166.447 148.567 92.0621 145.606 316.119 167.818 331.098 254.106 108.334 213.259 243.978 160.211 201.318 224.571 326.512 73.0101 98.2823 269.283 327.241 300.282 283.432 
-4285.15 147.878 99.8442 166.859 146.519 91.2053 146.221 316.37 168.268 330.772 254.616 108.183 213.931 245.687 160.648 200.436 224.081 328.124 71.914 98.2984 267.772 326.726 300.485 283.115 
-4294.41 149.394 101.867 167.753 145.925 90.9278 146.256 315.025 168.335 330.779 254.124 109.403 214.638 244.733 159.411 201.435 224.625 329.486 71.1555 99.4345 268.859 325.3 301.668 283.807 
-4303.69 149.455 102.398 166.83 148.739 91.3235 146.486 314.499 169.522 331.078 253.682 108.571 213.526 243.234 160.012 200.561 225.518 330 71.3872 100.375 268.641 325.552 300.911 282.79 
-4309.68 150.176 103.218 166.082 148.271 91.3341 146.557 313.899 170.846 330.027 252.602 111.107 213.365 244.848 161.656 200.116 225.702 331.798 71.3501 99.5681 266.996 326.022 302.495 281.682 
-4318.77 151.311 103.671 167.396 148.443 91.6899 146.721 312.179 169.944 329.546 252.701 110.797 213.418 243.468 162.363 200.719 224.15 333.029 72.4827 99.3425 267.091 324.682 302.982 280.681 
-4327.63 151.633 104.991 166.078 149.711 91.7101 146.182 311.234 169.229 328.693 253.346 111.603 213.898 243.833 164.303 201.302 224.587 331.98 71.817 101.247 265.871 324.86 302.036 282.339 
-4336.05 152.576 105.882 167.49 150.144 92.4587 145.469 312.481 169.244 329.258 253.915 110.955 214.04 245.76 162.259 201.099 223.693 330.756 74.051 101.603 266.671 324.898 302.468 284.896 
-4344.91 152.076 106.514 166.722 149.905 92.2851 145.498 313.543 170.022 328.497 255.033 109.997 214.439 245.974 163.035 201.181 223.038 331.339 73.9629 101.049 266.664 324.856 301.007 286.972 
-4350.62 152.584 107.745 166.954 148.277 92.1685 144.574 313.971 171.662 327.795 256.152 108.411 215.073 244.57 163.023 202.027 221.118 329.331 73.1671 102.297 267.213 323.583 299.307 287.444 
-4357.89 151.603 106.698 166.925 149.323 91.4016 144.883 314.21 173.292 328.391 256.229 107.758 214.737 242.491 161.598 201.887 222.037 330.631 73.9807 103.18 266.173 323.603 298.246 285.567 
-4366.86 151.058 105.839 167.417 147.826 91.5141 145.594 315.06 174.39 329.487 255.323 107.925 214.204 241.915 161.803 203.447 221.633 330.107 75.3584 104.32 267.657 322.246 298.063 286.84 
-4374.09 150.715 106.766 169.85 147.4 90.5595 144.822 314.573 174.947 330.183 255.45 108.317 214.677 243.215 160.543 205.305 221.867 330.112 76.6681 103.656 268.762 322.876 296.9 285.925 
-4380.21 151.025 108.04 171.819 146.89 90.5481 145.259 312.873 174.554 330.214 255.86 107.588 214.428 244.625 162.714 205.745 222.639 332.181 76.5079 103.772 268.332 322.871 296.764 286.027 
-4386.18 151.627 108.215 169.911 146.742 91.0368 146.727 314.698 173.194 331.532 256.702 106.26 213.581 244.104 163.85 205.616 223.501 333.907 75.6911 103.354 266.594 323.23 297.048 287.869 
-4395.25 151.629 108.885 168.875 146.261 91.2038 146.229 315.131 173.118 331.469 256.471 105.948 213.748 244.14 166.528 204.762 225.172 335.405 76.8709 103.828 264.692 322.571 296.66 286.179 
-4403.19 151.767 109.712 170.627 147.676 91.7187 145.881 315.377 173.303 332.21 256.523 105.806 215.279 246.741 165.55 207.296 224.02 336.116 75.7415 105.651 264.441 322.542 297.417 286.728 
-4410.13 151.411 108.784 172.014 150.553 93.0673 145.731 316.24 173.422 330.623 257.322 107.388 215.358 249.313 165.007 208.557 223.247 333.368 76.6046 107.405 266.481 323.19 298.762 287.556 
-4419.85 151.482 106.801 170.037 150.001 93.8025 146.018 317.287 172.339 330.067 258.494 108.568 214.732 247.926 165.41 206.686 224.323 334.848 75.6599 106.853 265.853 323.673 298.979 289.306 
-4427.87 150.617 106.256 171.837 151.909 95.4142 145.556 317.698 171.549 331.034 257.939 110.189 214.925 249.53 167.565 205.96 225.812 333.358 77.6241 108.433 267.004 321.818 300.239 290.599 
-4433.03 151.545 105.003 171.113 154.321 97.6559 144.478 316.293 172.41 329.387 258.438 110.822 215.022 251.109 165.908 206.223 224.234 333.572 79.1515 109.387 268.702 320.155 300.927 289.73 
-4441.66 151.406 105.028 171.055 155.206 100.269 146.104 317.532 172.864 328.192 258.516 112.839 215.823 249.917 165.408 206.04 223.643 331.023 80.0343 111.201 268.26 320.785 300.476 289.765 
-4451.26 150.218 105.646 171.187 155.257 99.659 146.125 317.841 172.291 329.236 260.365 114.235 215.69 248.973 166.069 206.639 225.069 330.408 79.0606 112.307 266.865 321.065 300.151 289.838 
-4459.87 149.271 105.777 169.677 153.539 102.054 145.889 318.563 171.176 330.037 257.675 115.499 215.413 249.169 165.069 204.584 223.049 329.816 79.1985 111.308 269.375 320.808 300.54 291.235 
-4465.27 148.749 106.321 168.188 153.128 100.962 146.149 319.384 172.288 328.713 257.48 115.6 215.348 250.518 164.53 203.851 223.106 327.657 80.2282 111.952 268.251 320.691 301.811 290.054 
-4471.7 148.496 106.917 169.698 153.704 102.217 146.732 319.416 172.53 327.13 259.364 115.034 216.399 250.585 162.591 205.274 224.22 327.517 79.0403 112.606 269.821 321.804 301.282 289.345 
-4481.69 147.924 107.753 170.855 152.99 103.722 145.929 320.503 173.33 328.053 259.534 113.814 216.053 250.505 162.244 205.092 224.794 327.1 78.135 112.71 270.004 321.218 299.969 289.327 
-4487.28 146.428 108.528 169.714 152.356 101.806 145.399 320.219 172.641 328.738 258.867 115.602 216.222 249.945 163.943 205.999 225.867 326.849 80.1423 111.832 270.401 320.617 299.067 289.804 
-4494.32 146.899 109.754 170.347 150.59 103.964 146.275 320.326 173.519 327.485 258.898 114.016 216.822 251.587 165.488 206.03 224.974 326.39 78.3689 112.488 270.45 320.028 299.79 291.723 
-4503.82 146.333 110.303 169.094 149.801 103.175 147.473 321.871 172.517 328.22 260.047 115.189 215.578 250.84 165.527 206.344 224.585 327.114 78.3919 112.492 270.558 320.392 299.428 292.918 
-4513.05 146.556 112.066 167.745 150.721 104.779 147.891 322.713 174.585 328.869 259.851 116.485 216.504 251.325 164.313 205.864 226.406 328.925 78.6231 112.329 270.088 319.921 299.785 294.12 
-4518.78 145.665 112.735 169.421 150.065 104.585 146.449 324.99 173.631 329.425 259.303 118.067 215.898 252.344 165.995 207.651 225.957 331.061 80.0619 111.947 272.096 317.964 301.23 292.388 
-4526.79 146.803 111.093 168.939 151.054 105.446 145.378 326.565 173.495 328.138 258.892 118.938 216.957 253.602 165.81 209.255 225.439 331.56 78.6725 113.022 271.899 317.339 301.724 293.672 
-4536.47 146.87 111.57 171.256 151.745 105.618 145.264 327.746 173.409 329.172 257.415 119.761 215.899 252.351 164.369 209.433 225.14 331.616 78.196 113.473 274.09 315.787 301.992 295.478 
-4543.01 147.063 111.291 170.139 151.674 104.64 145.495 328.348 173.867 329.767 258.67 119.394 216.765 253.473 166.316 207.613 226.558 330.672 78.1389 113.569 273.66 316.686 302.872 295.355 
-4552.64 147.176 109.617 170.677 151.529 104.716 145.406 326.973 172.778 330.437 258.661 120.949 217.092 251.663 167.829 206.021 227.131 331.161 78.1793 113.9 273.316 315.528 303.399 294.114 
-4560.29 147.829 111.574 169.64 152.764 103.698 146.285 325.189 173.738 329.899 259.372 119.322 218.333 250.297 169.366 205.603 227.166 330.52 77.3008 115.175 275.456 314.444 300.628 292.762 
-4566.52 147.295 112.356 168.9 153.245 105.481 146.57 324.493 173.247 330.144 257.633 120.128 218.868 249.976 169.917 205.207 228.266 331.196 75.4989 114.618 274.353 314.123 299.837 291.954 
-4573.29 147.458 111.55 168.101 151.482 106.196 147.086 325.802 174.33 330.641 258.438 118.834 219.199 249.577 170.809 206.111 227.799 332.245 77.2259 114.994 274.392 314.029 300.1 291.759 
-4579.71 147.625 110.712 169.364 151.31 106.458 146.849 324.684 174.625 330.779 257.047 119.631 218.739 248.679 172.637 206.105 226.541 333.113 76.7702 115.754 273.852 315.14 298.608 291.151 
-4588.24 147.039 112.014 168.517 151.401 106.799 147.557 325.184 175.042 330.339 256.848 119.77 218.754 247.42 171.89 206.443 225.287 333.639 75.4013 116.149 273.648 314.766 299.231 290.928 
-4596.74 146.996 110.107 167.213 153.218 105.624 146.543 324.264 176.045 330.883 256.867 120.419 217.285 247.227 170.811 207.063 225.779 332.411 76.904 118.441 275.027 314.933 298.254 292.167 
-4606.04 146.972 110.422 167.882 155.08 105.019 145.54 323.314 175.241 330.319 258.903 118.666 217.029 248.166 171.953 207.803 224.794 331.824 78.1953 119.734 274.595 315.168 297.609 290.612 
-4613.16 146.578 111.787 168.834 155.066 107.141 144.77 321.832 175.539 330.168 259.477 118.777 217.359 247.478 171.947 206.68 224.378 333.184 75.9353 119.2 274.976 315.916 297.801 289.502 
-4619.76 145.824 111.745 168.076 156.41 105.77 144.654 321.021 176.77 331 258.024 120.423 217.721 247.079 172.2 204.683 225.177 332.768 74.1178 119.721 276.888 314.962 296.929 287.967 
-4628.2 146.239 111.199 166.819 158.965 105.848 145.144 320.308 176.808 331.27 256.796 119.943 218.226 248.979 171.631 202.489 223.768 331.475 74.2725 121.519 278.579 314.157 295.9 289.331 
-4635.66 146.62 113.252 167.807 159.194 106.253 144.655 319.83 178.667 330.731 257.461 120.558 218.547 250.385 171.858 201.437 223.076 332.576 75.8966 121.376 279.231 314.165 295.671 290.731 
-4644.28 146.91 114.113 166.137 160.73 106.273 144.223 320.334 179.108 331.4 257.471 120.766 219.148 249.996 172.274 203.215 223.907 333.995 77.287 120.198 278.413 314.263 296.224 292.114 
-4650.11 147.739 114.679 166.784 161.033 106.397 143.399 319.429 179.714 331.056 259.228 121.772 219.643 248.666 171.109 204.17 222.652 331.778 75.5678 120.214 278.157 314.148 295.541 291.176 
-4655.2 146.815 115.073 164.713 162.278 106.159 144.323 317.497 179.678 330.828 258.929 123.06 219.63 250.266 169.409 201.953 223.636 330.959 76.4312 120.441 280.575 313.427 296.769 291.253 
-4661.64 148.02 116.772 166.007 161.586 107.802 144.884 318.188 179.207 330.745 256.745 124.875 219.39 249.914 169.306 203.311 221.985 331.785 76.5511 120.547 279.509 312.182 295.481 292.203 
-4671.62 146.73 116.365 169.321 162.535 106.7 142.772 317.001 179.585 330.952 257.132 124.694 219.29 251.636 169.805 202.013 223.11 332.042 76.2826 122.515 278.673 311.642 295.009 291.469 
-4677.01 146.707 115.041 171.137 164.446 105.343 142.915 317.61 180.11 330.794 256.157 124.603 220.522 251.097 168.72 201.342 221.263 332.428 74.7828 123.871 278.736 313.312 295.38 291.771 
-4685.58 146.888 116.44 171.76 166.136 106.645 142.283 316.932 181.666 330.53 257.163 124.47 220.077 253.299 168.467 200.572 222.623 332.956 74.0599 124.032 277.758 314.175 296.024 291.89 
-4691.4 145.81 116.346 170.832 167.966 105.978 143.015 316.556 180.636 329.477 256.939 124.388 220 253.926 167.044 201.81 222.241 333.338 74.4331 124.712 276.57 313.344 296.781 291.842 
-4697.72 146.049 115.972 172.851 168.494 104.783 141.456 316.308 181.257 329.123 256.184 125.948 218.932 254.452 168.042 201.93 223.638 332.046 74.0428 125.079 276.285 312.759 296.934 290.618 
-4705.38 146.376 115.411 173.731 169.022 105.643 142.041 317.117 179.76 330.01 256.531 126.041 218.544 256.701 169.153 202.989 224.472 331.508 75.76 126.209 278.996 312.298 297.782 291.52 
-4714.92 147.667 115.253 173.071 169.528 105.071 142.314 318.006 180.167 329.95 256.647 128.159 217.796 257.183 169.959 202.694 223.972 330.582 76.7767 127.348 280.008 312.947 297.333 292.493 
-4723.24 147.98 115.725 173.274 169.831 105.414 140.945 317.02 181.174 331.265 257.91 128.672 217.38 256.154 171.745 203.172 225.099 328.924 76.2997 127.687 279.848 313.622 296.808 293.148 
-4731.32 148.633 113.776 174.434 171.716 106.603 141.342 315.022 179.806 329.502 256.425 127.789 216.724 256.571 172.235 203.617 223.974 328.668 76.0603 127.607 281.01 311.733 296.607 294.384 
-4736.72 147.389 111.87 173.804 171.226 107.428 141.046 317.222 180.472 327.887 255.894 128.612 215.419 254.826 170.831 203.805 222.521 327.581 77.3994 127.004 280.937 312.313 295.993 295.677 
-4744.13 146.499 111.12 172.981 169.825 106.932 142.396 318.148 180.469 327.376 256.891 130.41 215.269 255.764 171.707 205.09 224.168 325.891 78.9841 126.63 282.32 310.806 295.009 296.027 
-4752.61 146.507 113.006 172.984 170.101 107.629 142.748 316.552 179.161 327.205 254.875 129.201 215.808 257.94 170.747 205.974 225.076 326.45 76.6097 125.887 283.727 310.002 296.961 295.418 
-4760.48 146.201 115.305 173.432 168.989 108.055 142.938 316.523 178.082 326.608 254.567 128.402 216.011 259.099 171.777 205.176 223.573 326.69 77.1579 125.632 284.396 309.791 295.428 294.333 
-4766.11 145.407 114.948 174.402 170.193 108.273 141.521 315.328 177.3 326.898 255.85 127.068 215.719 259.601 173.99 206.181 224.2 325.094 77.9561 126.364 283.48 309.736 296.976 294.722 
-4771.82 146.344 114.305 176.902 170.204 106.644 141.744 314.906 176.766 327.936 255.769 125.384 214.989 258.801 172.943 207.65 224.666 323.444 78.3931 126.203 285.724 307.845 298.139 296.153 
-4779.38 146.577 113.404 179.413 171.007 108.246 140.619 313.986 176.861 327.686 256.014 127.043 215.626 260.255 172.194 209.514 224.602 323.261 77.3793 127.659 285.41 308.429 299.055 296.748 
-4785.5 146.839 115.738 181.049 171.367 108.047 139.388 314.081 177.949 326.296 256.642 126.529 215.148 259.841 174.19 210.529 223.454 322.898 77.1533 128.842 286.481 307.367 298.637 298.499 
-4790.61 147.513 115.477 182.03 171.825 107.179 139.463 313.657 179.299 326.468 255.843 127.69 214.83 259.258 174.297 209.176 222.287 323.262 76.5579 129.07 285.511 306.812 299.593 296.856 
-4795.96 147.013 116.709 181.695 172.984 108.516 139.065 314.946 180.733 327.318 253.875 126.46 215.246 260.164 175.61 208.354 221.153 322.695 75.1447 130.512 285.223 307.757 299.639 297.785 
-4803.98 147.022 115.395 179.593 173.018 106.486 138.982 316.783 180.696 327.439 252.442 125.438 215.491 258.746 174.341 207.555 218.998 324.407 72.1859 129.357 286.502 306.601 298.465 298.809 
-4812.24 146.199 115.637 181.926 172.565 106.029 138.942 317.565 181.297 327.985 252.549 126.554 215.798 258.946 175.852 207.099 220.285 323.459 73.8009 130.301 286.775 305.746 299.02 300.667 
-4817.96 145.277 115.084 180.368 174.426 108.519 139.766 318.244 180.959 328.593 253.154 126.952 216.922 258.745 173.933 207.359 218.821 324.404 74.2545 130.566 285.176 305.593 297.93 299.655 
-4827.63 145.107 113.665 179.856 173.214 109.051 138.655 318.679 180.427 328.069 251.8 127.996 216.257 256.854 175.474 207.73 217.289 323.437 75.8834 130.602 286.855 304.776 296.784 298.558 
-4833.42 145.111 113.024 178.41 174.312 109.82 138.688 317.4 180.839 327.821 253.426 128.753 215.393 255.187 175.552 207.542 218.2 321.79 74.1764 132.096 285.963 306 296.718 297.671 
-4839.87 145.127 112.274 179.34 173.928 109.324 138.314 317.145 181.191 326.906 252.915 128.877 214.887 253.926 176.062 206.766 216.588 322.683 73.2801 132.422 287.959 304.512 295.359 296.507 
-4846.6 145.527 113.558 180.94 173.256 109.568 137.282 315.077 181.618 328.277 252.518 129.263 214.402 255.091 176.413 207.043 216.66 324.184 74.1747 132.491 288.12 304.916 296.643 295.615 
-4854.43 145.2 115.125 181.029 172.463 108.564 136.856 314.308 182.469 327.262 251.5 126.509 213.811 254.138 177.294 208.12 214.598 322.997 73.7656 133.338 289.004 304.479 295.442 293.67 
-4861.83 144.428 113.768 183.211 174.5 108.418 135.526 313.244 183.873 326.269 252.911 127.101 212.434 252.574 176.254 208.034 214.094 321.79 75.5627 135.025 289.702 304.405 295.295 293.609 
-4868.24 144.681 113.04 184.205 174.521 110.813 135.389 313.556 182.833 325.544 254.381 126.182 212.213 254.187 175.854 209.661 215.783 320.164 74.5638 136.722 288.868 304.17 294.911 295.071 
-4874.45 143.661 113.007 182.473 175.029 109.217 135.749 315.394 181.734 327.012 255.442 126.768 211.456 254.329 175.285 208.488 215.407 318.956 75.0516 135.957 289.828 304.936 293.869 297.096 
-4884.36 143.918 113.153 182.229 174.179 110.944 134.881 316.982 182.712 328.418 254.461 126.816 211.993 252.774 174.838 208.452 213.069 318.548 76.3363 136.763 290.804 304.005 295.055 297.33 
-4892.83 143.971 111.44 184.459 174.929 113 133.062 315.514 183.16 327.279 254.308 127.039 212.925 253.209 173.983 209.77 212.377 317.833 77.5665 137.134 290.356 303.805 295.567 298.18 
-4902.41 143.704 111.585 184.248 174.189 113.35 133.659 317.041 182.401 326.558 254.424 125.522 214.093 252.867 175.165 209.453 213.925 318.157 77.1782 136.501 289.693 303.523 293.487 297.598 
-4910.73 142.553 111.689 183.77 174.826 115.099 133.502 316.553 184.102 327.417 257.089 125.58 214.776 253.805 175.062 210.233 215.151 318.239 77.2215 137.532 290.876 304.419 292.411 297.896 
-4916.69 142.234 110.374 186.514 173.656 116.123 132.322 316.941 182.924 328.332 258.527 124.214 214.162 254.138 177.236 210.598 216.58 319.332 78.2299 137.886 292.509 303.921 291.121 298.172 
-4923.2 142.263 109.809 187.214 173.819 115.537 132.705 316.747 181.925 327.949 259.968 122.169 214.886 254.877 179.397 211.312 216.77 320.699 75.7819 136.422 293.913 302.932 289.679 299.603 
-4928.35 141.824 109.515 188.081 173.903 116.924 132.7 318.44 182.453 329.27 261.217 121.333 214.427 254.109 180.22 209.887 218.28 320.354 76.9897 135.912 295.456 302.512 288.868 298.698 
-4935.3 140.827 108.324 187.018 172.373 115.181 133.416 318.638 182.083 329.772 262.043 119.192 215.621 254.798 181.283 210.851 219.315 321.053 78.4698 135.027 296.58 303.543 288.709 298.336 
-4945.29 141.015 110.709 189.621 173.22 114.623 133.457 319.537 182.84 331.127 263.576 117.829 215.686 254.778 183.081 212.31 220.193 323.027 78.2968 135.671 296.284 303.657 288.23 297.561 
-4950.81 140.735 109.386 187.529 171.791 113.324 134.134 319.682 182.575 331.166 264.478 115.748 214.876 255.3 184.147 212.318 220.109 324.65 78.7739 135.499 295.545 303.89 287.026 298.936 
-4957.47 139.982 108.389 190.523 170.802 114.974 132.409 319.246 183.132 332.288 263.898 114.502 215.256 253.962 183.205 211.919 217.946 324.887 79.8205 134.563 294.433 304.817 285.078 298.823 
-4966.51 139.956 107.36 190.364 172.102 116.245 132.624 317.613 182.073 330.947 263.883 114.33 216.368 254.127 185.602 210.908 217.787 323.967 79.0019 134.193 295.691 303.654 285.375 298.283 
-4974.92 139.124 106.737 192.418 171.178 117.497 132.929 318.116 181.786 330.614 263.776 112.629 217.47 253.722 185.798 212.373 217.679 323.151 78.0314 134.944 297.033 301.883 285.827 296.264 
-4981.73 137.849 107.351 191.939 171.787 118.413 132.532 317.602 182.282 329.346 264.719 112.471 216.571 252.481 187.113 211.285 218.767 323.417 78.7264 135.441 298.6 300.8 284.643 296.436 
-4991.16 137.815 108.195 190.277 171.742 119.486 133.19 315.688 183.916 330.277 263.82 111.663 216.111 252.573 187.452 210.303 218.054 322.416 79.5036 136.088 300.516 300.176 282.977 295.957 
-5000.4 137.805 109.917 189.958 173.333 118.499 133.854 315.337 183.314 329.682 265.722 111.621 215.901 251.265 187.844 211.048 218.599 320.922 79.5274 136.12 301.146 299.315 282.654 295.974 
-5005.46 136.802 109.689 191.493 171.895 119.27 133.455 314.338 183.776 330.49 266.871 110.549 216.438 250.768 187.508 211.465 219.306 321.205 77.8152 136.131 301.354 299.655 281.988 294.926 
-5010.81 137.724 108.957 189.712 171.426 119.327 133.255 313.802 184.699 328.866 265.831 109.064 216.12 249.3 188.082 211.237 217.771 321.138 77.7246 135.619 303.35 299.231 281.331 293.128 
-5018.2 138.364 110.895 189.339 172.149 118.843 133.019 311.622 183.825 327.935 266.067 109.594 216.469 249.885 189.169 210.301 216.532 319.927 75.8318 135.862 305.737 296.872 282.781 292.673 
-5024.91 137.715 111.834 190.993 173.675 121.263 132.992 311.401 183.755 326.955 267.554 109.571 217.154 250.807 188.318 209.371 217.057 317.83 75.6529 135.855 307.818 297.513 283.904 291.216 
-5033.9 137.984 111.595 192.357 172.984 122.912 131.226 309.363 182.522 326.468 267.419 109.805 218.253 249.31 189.668 210.383 215.642 318.986 75.2333 135.643 308.288 296.5 283.23 290.283 
-5040.97 137.736 113.032 195.224 174.311 124.618 130.354 309.561 182.333 326.407 268.11 108.875 218.52 248.628 189.93 211.161 214.009 318.803 76.2138 137.746 308.129 296.385 283.864 291.146 
-5050.72 137.424 111.751 193.557 174.33 121.789 129.772 310.899 184.154 326.747 267.001 110.223 217.547 246.531 191.027 210.345 212.043 319.908 73.867 136.41 310.107 296.571 282.495 293.121 
-5059.13 137.625 110.278 194.329 173.588 121.662 128.391 312.608 185.841 327.176 266.347 109.489 218.04 245.945 191.61 211.394 210.976 321.532 72.3534 135.322 311.543 295.738 283.249 291.599 
-5066.53 138.646 109.131 193.992 173.335 120.937 129.792 313.032 185.098 328.133 266.112 110.366 217.87 244.836 191.963 211.688 209.696 322.769 71.7726 136.137 311.806 296.442 282.469 292.582 
-5072.02 138.908 108.992 196.212 173.6 121.493 129.586 313.616 184.081 328.172 267.248 109.045 217.645 246.804 191.255 211.535 210.955 323.403 69.5959 135.874 310.386 296.523 282.513 293.871 
-5077.41 138.988 109.92 196.697 172.227 122.143 128.681 312.758 184.27 329.109 267.419 107.949 216.962 248.291 191.472 212.37 212.144 325.04 70.739 135.712 310.976 295.459 282.901 292.654 
-5084.05 140.302 110.895 198.016 172.801 121.752 128.783 312.853 185.111 329.608 265.549 107.743 216.824 246.822 192.509 212.425 211.898 325.446 70.9705 135.363 312.51 295.382 283.79 292.298 
-5093.68 140.144 112.186 199.854 173.57 120.45 128.566 314.271 187.215 329.831 266.595 106.497 217.661 245.434 193.828 212.803 212.37 326.363 68.8868 136.653 313.102 294.209 283.857 290.866 
-5099.11 139.649 110.498 201.115 172.817 120.496 128.38 313.422 189.192 328.429 267.137 106.472 216.788 242.823 195.892 212.078 210.437 325.1 69.6642 138.23 314.646 293.915 283.414 291.035 
-5105.21 138.752 110.381 201.237 173.085 120.013 129.276 313.227 190.159 326.89 267.18 106.441 217.465 244.013 195.039 211.412 209.546 324.884 67.8347 137.314 314.878 293.206 284.874 291.199 
-5113.4 139.609 112.448 199.298 171.89 117.662 129.848 313.753 191.238 328.871 266.171 105.994 217.243 242.396 194.7 210.125 207.788 326.4 66.3153 136.541 317.036 291.163 285.347 291.499 
-5119.93 140.334 111.95 199.211 172.023 115.814 130.422 313.184 192.595 329.207 265.519 107.397 216.465 240.746 195.365 210.812 206.889 327.99 64.8998 136.71 316.586 291.63 285.437 290.807 
-5127.44 141.533 113.715 201.395 170.889 117.556 129.847 314.083 192.746 328.359 265.369 107.709 215.998 239.03 197.875 210.651 205.022 329.398 65.8047 136.845 316.588 290.577 283.715 291.528 
-5136.59 140.387 114.704 200.68 171.769 117.915 129.54 313.743 194.246 329.53 264.36 107.367 216.734 239.163 198.157 211.815 203.59 329.717 65.658 136.455 317.987 291.215 283.625 293.745 
-5143.25 141.588 115.255 202.293 170.322 118.993 127.644 314.95 195.305 329.308 263.13 105.695 216.311 238.837 198.798 213.645 201.571 330.242 66.6891 136.469 318.272 291.112 283.083 293.086 
-5151.27 141.576 113.884 201.725 171.597 118.869 127.888 316.215 196.555 328.919 262.806 106.676 215.118 238.214 200.067 213.526 202.099 330.344 64.2268 135.694 317.117 291.25 284.2 293.73 
-5159.28 141.54 112.549 202.195 171.118 118.625 127.032 314.85 195.588 327.477 260.374 105.686 214.319 235.911 201.779 212.661 200.18 331.52 63.7097 134.573 317.794 290.731 283.269 292.181 
-5168.4 140.779 110.571 202.117 171.37 119.832 126.732 314.686 197.493 327.761 261.49 105.69 214.34 235.259 201.278 213.34 200.864 329.537 63.0706 134.828 317.359 292.174 283.402 292.094 
-5177.77 141.383 111.07 201.971 173.106 119.553 127.381 313.487 197.596 328.46 262.477 105.711 214.884 235.057 202.891 213.49 201.515 330.78 64.6183 136.053 317.073 293.225 283.343 290.91 
-5184.76 141.106 112.163 203.126 174.705 118.823 127.89 314.443 196.947 327.708 261.597 104.389 214.909 236.619 204.717 214.53 202.608 331.122 62.0118 137.041 315.657 294.235 285.383 290.293 
-5191.81 141.269 113.69 202.979 176.103 119.453 127.368 314.482 196.033 327.161 262.09 104.402 214.327 236.562 203.464 213.283 201.466 329.853 60.6264 137.839 315.656 294.418 284.466 291.407 
-5196.83 140.109 114.265 204.559 177.008 119.002 125.317 315.153 198.047 327.413 262.069 102.825 213.98 236.628 202.039 213.145 199.395 330.171 58.083 138.295 315.824 295.089 283.159 290.853 
-5204.19 139.724 112.731 202.97 177.005 119.979 125.533 316.091 196.912 325.981 262.679 103.874 213.927 237.336 203.145 211.832 199.549 330.842 59.6126 138.756 317.464 294.795 282.018 290.424 
-5212.33 139.96 113.514 202.856 177.829 118.663 123.85 314.383 196.483 326.55 263.329 103.757 213.858 236.537 205.296 211.369 200.744 331.893 59.3842 138.93 317.265 293.648 280.202 290.441 
-5218.66 139.799 111.571 204.257 178.939 117.068 122.986 315.258 196.429 326.85 264.621 103.291 214.126 235.363 204.748 210.622 201.232 332.974 59.6566 137.38 318.189 294.767 279.226 291.727 
-5225.76 140.367 110.112 206.783 179.772 117.342 122.258 315.281 198.077 328.052 263.522 102.594 213.874 235.308 202.815 212.892 201.009 334.482 59.5365 137.153 319.038 295.258 278.116 289.869 
-5232.74 141.12 109.252 209.514 178.422 114.831 123.077 317.046 197.75 327.83 265.058 104.247 213.566 234.365 201.36 214.237 198.622 332.814 59.3707 135.985 321.336 296.12 278.324 289.126 
-5239.93 141.059 109.146 208.107 178.828 112.523 122.176 315.009 196.467 326.84 263.508 105.702 214.081 233.053 201.945 213.479 197.591 332.942 58.6627 134.481 323.142 295.867 277.898 288.978 
-5248.59 142.353 108.034 206.985 177.311 110.985 122.748 315.443 195.493 326.668 263.813 103.666 214.334 231.249 200.78 213.584 196.838 333.215 60.3505 133.346 322.109 295.886 277.294 289.126 
-5256.4 141.574 109.591 207.279 175.996 110.247 122.646 315.821 196.772 327.547 262.935 102.776 214.457 230.017 202.608 215.788 196.933 332.776 61.6345 133.686 322.834 295.441 276.506 287.367 
-5264.42 141.371 108.51 207.686 174.814 110.66 123.833 316.002 196.042 327.213 263.067 102.559 215.516 229.256 201.355 214.713 197.382 332.947 62.9654 133.362 323.605 296.131 274.72 287.437 
-5272.63 141.502 110.774 209.139 175.144 108.336 123.837 315.074 197.576 329.375 263.297 101.614 216.701 231.414 201.24 216.795 196.824 334.308 63.7802 132.601 323.941 297.918 275.387 286.574 
-5280.05 142.538 111.887 209.768 174.167 107.641 123.773 316.915 197.68 329.464 263.362 101.981 216.896 230.292 200.986 216.5 197.553 332.805 62.6051 131.494 323.132 299.158 275.101 288.016 
-5286.92 141.663 112.873 208.264 173.493 104.894 124.653 317.197 198.044 328.782 263.515 103.059 217.528 228.115 201.809 215.485 198.533 332.266 64.7119 129.834 321.172 300.319 273.511 290.355 
-5293.63 141.853 112.157 207.719 173.973 106.509 125.116 317.187 198.795 329.192 262.734 102.266 218.729 228.038 202.806 216.588 197.276 331.95 63.4551 130.638 320.033 301.999 272.857 290.84 
-5302.89 140.811 110.463 209.249 173.758 104.962 125.145 315.919 198.777 327.027 262.624 100.73 217.835 227.966 203.693 215.187 198.723 332.197 64.5885 130.822 319.338 302.869 272.31 289.827 
-5310.78 140.282 111.264 209.799 173.259 104.894 126.224 316.328 199.434 326.902 262.476 99.6531 219.621 226.943 203.779 217.013 196.384 332.223 64.8473 131.097 318.23 303.31 270.944 289.93 
-5318.47 139.085 111.157 210.412 172.934 105.116 125.587 316.825 201.277 327.335 261.944 98.5861 218.312 226.936 203.893 217.116 196.228 332.591 65.0943 131.122 318.74 302.6 269.567 288.251 
-5327.65 138.599 112.034 209.463 173.694 105.622 126.293 314.742 200.343 327.971 262.613 97.236 218.831 228.044 204.828 216.892 197.724 332.925 65.8834 131.06 320.881 302.724 270.132 287.828 
-5334.58 138.055 113.064 210.006 174.831 106.481 125.616 315.411 199.296 329.677 261.288 99.0591 219.343 226.642 204.292 216.147 196.318 331.855 66.042 131.571 319.774 302.499 270.468 286.903 
